OID,Numeric OID,YANG Xpath,YANG Module
.iso.org.ieee.standards-association-numbered-series-standards.lan-man-stds.ieee802dot1.ieee802dot1mibs.ieee8021CfmMib.dot1agMIBObjects.dot1agCfmMep.dot1agCfmMepTable.dot1agCfmMepEntry.dot1agCfmMepCcmSequenceErrors,.1.3.111.2.802.1.1.8.1.7.1.1.17,/cfm-statistics/cfm-meps/cfm-mep/ccm-seq-errors,Cisco-IOS-XE-cfm-oper
.iso.org.ieee.standards-association-numbered-series-standards.lan-man-stds.ieee802dot1.ieee802dot1mibs.ieee8021CfmMib.dot1agMIBObjects.dot1agCfmMep.dot1agCfmMepTable.dot1agCfmMepEntry.dot1agCfmMepCciSentCcms,.1.3.111.2.802.1.1.8.1.7.1.1.18,/cfm-statistics/cfm-meps/cfm-mep/ccm-transmitted,Cisco-IOS-XE-cfm-oper
.iso.org.ieee.standards-association-numbered-series-standards.lan-man-stds.ieee802dot1.ieee802dot1mibs.ieee8021CfmMib.dot1agMIBObjects.dot1agCfmMep.dot1agCfmMepTable.dot1agCfmMepEntry.dot1agCfmMepLbrInOutOfOrder,.1.3.111.2.802.1.1.8.1.7.1.1.21,/cfm-statistics/cfm-meps/cfm-mep/lbr-received-bad,Cisco-IOS-XE-cfm-oper
.iso.org.ieee.standards-association-numbered-series-standards.lan-man-stds.ieee802dot1.ieee802dot1mibs.ieee8021CfmMib.dot1agMIBObjects.dot1agCfmMep.dot1agCfmMepTable.dot1agCfmMepEntry.dot1agCfmMepLbrIn,.1.3.111.2.802.1.1.8.1.7.1.1.20,/cfm-statistics/cfm-meps/cfm-mep/lbr-received-ok,Cisco-IOS-XE-cfm-oper
.iso.org.ieee.standards-association-numbered-series-standards.lan-man-stds.ieee802dot1.ieee802dot1mibs.ieee8021CfmMib.dot1agMIBObjects.dot1agCfmMep.dot1agCfmMepTable.dot1agCfmMepEntry.dot1agCfmMepLbrOut,.1.3.111.2.802.1.1.8.1.7.1.1.25,/cfm-statistics/cfm-meps/cfm-mep/lbr-transmitted,Cisco-IOS-XE-cfm-oper
.iso.org.ieee.standards-association-numbered-series-standards.lan-man-stds.ieee802dot1.ieee802dot1mibs.ieee8021CfmMib.dot1agMIBObjects.dot1agCfmMep.dot1agCfmMepTable.dot1agCfmMepEntry.dot1agCfmMepUnexpLtrIn,.1.3.111.2.802.1.1.8.1.7.1.1.24,/cfm-statistics/cfm-meps/cfm-mep/ltr-unexpected,Cisco-IOS-XE-cfm-oper
.iso.org.ieee.standards-association-numbered-series-standards.lan-man-stds.ieee802dot1.ieee802dot1mibs.ieee8021CfmMib.dot1agMIBObjects.dot1agCfmStack.ieee8021CfmStackTable.ieee8021CfmStackEntry.ieee8021CfmStackMepId,.1.3.111.2.802.1.1.8.1.1.2.1.8,/cfm-statistics/cfm-meps/cfm-mep/mpid,Cisco-IOS-XE-cfm-oper
.iso.org.ieee.standards-association-numbered-series-standards.lan-man-stds.ieee802dot1.ieee802dot1mibs.ieee8021CfmMib.dot1agMIBObjects.dot1agCfmMep.dot1agCfmMepTable.dot1agCfmMepEntry.dot1agCfmMepActive,.1.3.111.2.802.1.1.8.1.7.1.1.5,/cfm-statistics/local-mep/ccm-state,Cisco-IOS-XE-cfm-oper
.iso.org.ieee.standards-association-numbered-series-standards.lan-man-stds.ieee802dot1.ieee802dot1mibs.ieee8021CfmMib.dot1agMIBObjects.dot1agCfmMep.dot1agCfmMepTable.dot1agCfmMepEntry.dot1agCfmMepDirection,.1.3.111.2.802.1.1.8.1.7.1.1.3,/cfm-statistics/local-mep/dir,Cisco-IOS-XE-cfm-oper
.iso.org.ieee.standards-association-numbered-series-standards.lan-man-stds.ieee802dot1.ieee802dot1mibs.ieee8021CfmMib.dot1agMIBObjects.dot1agCfmStack.ieee8021CfmStackTable.ieee8021CfmStackEntry.ieee8021CfmStackMacAddress,.1.3.111.2.802.1.1.8.1.1.2.1.9,/cfm-statistics/local-mep/mac-addr,Cisco-IOS-XE-cfm-oper
.iso.org.ieee.standards-association-numbered-series-standards.lan-man-stds.ieee802dot1.ieee802dot1mibs.ieee8021CfmMib.dot1agMIBObjects.dot1agCfmStack.ieee8021CfmStackTable.ieee8021CfmStackEntry.ieee8021CfmStackMepId,.1.3.111.2.802.1.1.8.1.1.2.1.8,/cfm-statistics/local-mep/mep-id,Cisco-IOS-XE-cfm-oper
.iso.org.dod.internet.private.enterprises.cisco.ciscoMgmt.ciscoEvcMIB.ciscoEvcMIBObjects.cevcServiceInstance.cevcSITable.cevcSIEntry.cevcSIName,.1.3.6.1.4.1.9.9.613.1.4.1.1.6,/efp-stats/efp-stat/id,Cisco-IOS-XE-efp-oper
.iso.org.dod.internet.mgmt.mib-2.diffServMib.diffServMIBObjects.diffServAction.diffServDscpMarkActTable.diffServDscpMarkActEntry.diffServDscpMarkActDscp.<>,.1.3.6.1.2.1.97.1.5.3.1.1.<>,/environment-sensors/environment-sensor/current-reading,Cisco-IOS-XE-environment-oper
.iso.org.dod.internet.private.enterprises.cisco.ciscoMgmt.ciscoHsrpMIB.ciscoHsrpMIBObjects.cHsrpGroup.cHsrpGrpTable.cHsrpGrpEntry.cHsrpGrpActiveRouter,.1.3.6.1.4.1.9.9.106.1.2.1.1.13,/hsrp-oper-data/hsrp-group-info/active-ip,Cisco-IOS-XE-hsrp-oper
.iso.org.dod.internet.private.enterprises.cisco.ciscoMgmt.ciscoHsrpMIB.ciscoHsrpMIBObjects.cHsrpGroup.cHsrpGrpTable.cHsrpGrpEntry.cHsrpGrpPreempt,.1.3.6.1.4.1.9.9.106.1.2.1.1.4,/hsrp-oper-data/hsrp-group-info/preempt,Cisco-IOS-XE-hsrp-oper
.iso.org.dod.internet.private.enterprises.cisco.ciscoMgmt.ciscoHsrpMIB.ciscoHsrpMIBObjects.cHsrpGroup.cHsrpGrpTable.cHsrpGrpEntry.cHsrpGrpPriority,.1.3.6.1.4.1.9.9.106.1.2.1.1.3,/hsrp-oper-data/hsrp-group-info/priority,Cisco-IOS-XE-hsrp-oper
.iso.org.dod.internet.private.enterprises.cisco.ciscoMgmt.ciscoHsrpMIB.ciscoHsrpMIBObjects.cHsrpGroup.cHsrpGrpTable.cHsrpGrpEntry.cHsrpGrpStandbyRouter,.1.3.6.1.4.1.9.9.106.1.2.1.1.14,/hsrp-oper-data/hsrp-group-info/standby-ip,Cisco-IOS-XE-hsrp-oper
.iso.org.dod.internet.private.enterprises.cisco.ciscoMgmt.ciscoHsrpMIB.ciscoHsrpMIBObjects.cHsrpGroup.cHsrpGrpTable.cHsrpGrpEntry.cHsrpGrpStandbyState,.1.3.6.1.4.1.9.9.106.1.2.1.1.15,/hsrp-oper-data/hsrp-group-info/state,Cisco-IOS-XE-hsrp-oper
.iso.org.dod.internet.private.enterprises.cisco.ciscoMgmt.ciscoHsrpMIB.ciscoHsrpMIBObjects.cHsrpGroup.cHsrpGrpTable.cHsrpGrpEntry.cHsrpGrpVirtualIpAddr,.1.3.6.1.4.1.9.9.106.1.2.1.1.11,/hsrp-oper-data/hsrp-group-info/virtual-ip,Cisco-IOS-XE-hsrp-oper
.iso.org.dod.internet.mgmt.mib-2.lispMIB.lispObjects.lispFeaturesTable.lispFeaturesEntry.lispFeaturesEtrMapCacheTtl.<>,.1.3.6.1.2.1.220.1.1.1.11.<>,/lisp-state/lisp-routers/instances/af/etr-map-cache-ttl,Cisco-IOS-XE-lisp-oper
.iso.org.dod.internet.mgmt.mib-2.lispMIB.lispObjects.lispFeaturesTable.lispFeaturesEntry.lispFeaturesEtrAcceptMapDataEnabled.<>,.1.3.6.1.2.1.220.1.1.1.13.<>,/lisp-state/lisp-routers/instances/af/is-etr-accept-mapping,Cisco-IOS-XE-lisp-oper
.iso.org.dod.internet.mgmt.mib-2.lispMIB.lispObjects.lispFeaturesTable.lispFeaturesEntry.lispFeaturesEtrAcceptMapDataVerifyEnabled.<>,.1.3.6.1.2.1.220.1.1.1.14.<>,/lisp-state/lisp-routers/instances/af/is-etr-accept-mapping-verify,Cisco-IOS-XE-lisp-oper
.iso.org.dod.internet.mgmt.mib-2.lispMIB.lispObjects.lispMappingDatabaseTable.lispMappingDatabaseEntry.lispMappingDatabaseTimeStamp.<>,.1.3.6.1.2.1.220.1.4.1.5.<>,/lisp-state/lisp-routers/instances/af/local-dbase/creation-time,Cisco-IOS-XE-lisp-oper
.iso.org.dod.internet.mgmt.mib-2.lispMIB.lispObjects.lispMappingDatabaseLocatorTable.lispMappingDatabaseLocatorEntry.lispMappingDatabaseLocatorRlocLocal.<>,.1.3.6.1.2.1.220.1.5.1.8.<>,/lisp-state/lisp-routers/instances/af/local-dbase/local-dbase-rloc/is-local,Cisco-IOS-XE-lisp-oper
.iso.org.dod.internet.mgmt.mib-2.lispMIB.lispObjects.lispMappingDatabaseLocatorTable.lispMappingDatabaseLocatorEntry.lispMappingDatabaseLocatorRlocMPriority.<>,.1.3.6.1.2.1.220.1.5.1.5.<>,/lisp-state/lisp-routers/instances/af/local-dbase/local-dbase-rloc/params/mcast-priority,Cisco-IOS-XE-lisp-oper
.iso.org.dod.internet.mgmt.mib-2.lispMIB.lispObjects.lispMappingDatabaseLocatorTable.lispMappingDatabaseLocatorEntry.lispMappingDatabaseLocatorRlocMWeight.<>,.1.3.6.1.2.1.220.1.5.1.6.<>,/lisp-state/lisp-routers/instances/af/local-dbase/local-dbase-rloc/params/mcast-weight,Cisco-IOS-XE-lisp-oper
.iso.org.dod.internet.mgmt.mib-2.lispMIB.lispObjects.lispMappingDatabaseLocatorTable.lispMappingDatabaseLocatorEntry.lispMappingDatabaseLocatorRlocPriority.<>,.1.3.6.1.2.1.220.1.5.1.3.<>,/lisp-state/lisp-routers/instances/af/local-dbase/local-dbase-rloc/params/priority,Cisco-IOS-XE-lisp-oper
.iso.org.dod.internet.mgmt.mib-2.lispMIB.lispObjects.lispMappingDatabaseLocatorTable.lispMappingDatabaseLocatorEntry.lispMappingDatabaseLocatorRlocWeight.<>,.1.3.6.1.2.1.220.1.5.1.4.<>,/lisp-state/lisp-routers/instances/af/local-dbase/local-dbase-rloc/params/weight,Cisco-IOS-XE-lisp-oper
.iso.org.dod.internet.mgmt.mib-2.lispMIB.lispObjects.lispMappingDatabaseLocatorTable.lispMappingDatabaseLocatorEntry.lispMappingDatabaseLocatorRlocState.<>,.1.3.6.1.2.1.220.1.5.1.7.<>,/lisp-state/lisp-routers/instances/af/local-dbase/local-dbase-rloc/state,Cisco-IOS-XE-lisp-oper
.iso.org.dod.internet.mgmt.mib-2.lispMIB.lispObjects.lispMappingDatabaseTable.lispMappingDatabaseEntry.lispMappingDatabaseLsb.<>,.1.3.6.1.2.1.220.1.4.1.3.<>,/lisp-state/lisp-routers/instances/af/local-dbase/lsb,Cisco-IOS-XE-lisp-oper
.iso.org.dod.internet.mgmt.mib-2.lispMIB.lispObjects.lispFeaturesTable.lispFeaturesEntry.lispFeaturesMapCacheLimit.<>,.1.3.6.1.2.1.220.1.1.1.10.<>,/lisp-state/lisp-routers/instances/af/map-cache-limit,Cisco-IOS-XE-lisp-oper
.iso.org.dod.internet.mgmt.mib-2.lispMIB.lispObjects.lispFeaturesTable.lispFeaturesEntry.lispFeaturesMapCacheSize.<>,.1.3.6.1.2.1.220.1.1.1.9.<>,/lisp-state/lisp-routers/instances/af/map-cache-size,Cisco-IOS-XE-lisp-oper
.iso.org.dod.internet.mgmt.mib-2.lispMIB.lispObjects.lispMapCacheTable.lispMapCacheEntry.lispMapCacheEidEncapOctets.<>,.1.3.6.1.2.1.220.1.6.1.9.<>,/lisp-state/lisp-routers/instances/af/map-cache/encapsulated-octets,Cisco-IOS-XE-lisp-oper
.iso.org.dod.internet.mgmt.mib-2.lispMIB.lispObjects.lispMapCacheTable.lispMapCacheEntry.lispMapCacheEidEncapPackets.<>,.1.3.6.1.2.1.220.1.6.1.10.<>,/lisp-state/lisp-routers/instances/af/map-cache/encapsulated-packets,Cisco-IOS-XE-lisp-oper
.iso.org.dod.internet.mgmt.mib-2.lispMIB.lispObjects.lispMapCacheTable.lispMapCacheEntry.lispMapCacheEidExpiryTime.<>,.1.3.6.1.2.1.220.1.6.1.4.<>,/lisp-state/lisp-routers/instances/af/map-cache/expiry-time,Cisco-IOS-XE-lisp-oper
.iso.org.dod.internet.mgmt.mib-2.lispMIB.lispObjects.lispMapCacheTable.lispMapCacheEntry.lispMapCacheEidState.<>,.1.3.6.1.2.1.220.1.6.1.5.<>,/lisp-state/lisp-routers/instances/af/map-cache/is-active,Cisco-IOS-XE-lisp-oper
.iso.org.dod.internet.mgmt.mib-2.lispMIB.lispObjects.lispMapCacheTable.lispMapCacheEntry.lispMapCacheEidAuthoritative.<>,.1.3.6.1.2.1.220.1.6.1.6.<>,/lisp-state/lisp-routers/instances/af/map-cache/is-authoritative,Cisco-IOS-XE-lisp-oper
.iso.org.dod.internet.mgmt.mib-2.lispMIB.lispObjects.lispMapCacheLocatorTable.lispMapCacheLocatorEntry.lispMapCacheLocatorRlocTimeStamp.<>,.1.3.6.1.2.1.220.1.7.1.8.<>,/lisp-state/lisp-routers/instances/af/map-cache/map-cache-rloc/creation-time,Cisco-IOS-XE-lisp-oper
.iso.org.dod.internet.mgmt.mib-2.lispMIB.lispObjects.lispMapCacheLocatorTable.lispMapCacheLocatorEntry.lispMapCacheLocatorRlocLastStateChange.<>,.1.3.6.1.2.1.220.1.7.1.13.<>,/lisp-state/lisp-routers/instances/af/map-cache/map-cache-rloc/last-state-change-time,Cisco-IOS-XE-lisp-oper
.iso.org.dod.internet.mgmt.mib-2.lispMIB.lispObjects.lispMapCacheLocatorTable.lispMapCacheLocatorEntry.lispMapCacheLocatorRlocMPriority.<>,.1.3.6.1.2.1.220.1.7.1.5.<>,/lisp-state/lisp-routers/instances/af/map-cache/map-cache-rloc/params/mcast-priority,Cisco-IOS-XE-lisp-oper
.iso.org.dod.internet.mgmt.mib-2.lispMIB.lispObjects.lispMapCacheLocatorTable.lispMapCacheLocatorEntry.lispMapCacheLocatorRlocMWeight.<>,.1.3.6.1.2.1.220.1.7.1.6.<>,/lisp-state/lisp-routers/instances/af/map-cache/map-cache-rloc/params/mcast-weight,Cisco-IOS-XE-lisp-oper
.iso.org.dod.internet.mgmt.mib-2.lispMIB.lispObjects.lispMapCacheLocatorTable.lispMapCacheLocatorEntry.lispMapCacheLocatorRlocPriority.<>,.1.3.6.1.2.1.220.1.7.1.3.<>,/lisp-state/lisp-routers/instances/af/map-cache/map-cache-rloc/params/priority,Cisco-IOS-XE-lisp-oper
.iso.org.dod.internet.mgmt.mib-2.lispMIB.lispObjects.lispMapCacheLocatorTable.lispMapCacheLocatorEntry.lispMapCacheLocatorRlocWeight.<>,.1.3.6.1.2.1.220.1.7.1.4.<>,/lisp-state/lisp-routers/instances/af/map-cache/map-cache-rloc/params/weight,Cisco-IOS-XE-lisp-oper
.iso.org.dod.internet.mgmt.mib-2.lispMIB.lispObjects.lispMapCacheLocatorTable.lispMapCacheLocatorEntry.lispMapCacheLocatorRlocRtt.<>,.1.3.6.1.2.1.220.1.7.1.14.<>,/lisp-state/lisp-routers/instances/af/map-cache/map-cache-rloc/rloc-probe-rtt,Cisco-IOS-XE-lisp-oper
.iso.org.dod.internet.mgmt.mib-2.lispMIB.lispObjects.lispMapCacheLocatorTable.lispMapCacheLocatorEntry.lispMapCacheLocatorRlocState.<>,.1.3.6.1.2.1.220.1.7.1.7.<>,/lisp-state/lisp-routers/instances/af/map-cache/map-cache-rloc/state,Cisco-IOS-XE-lisp-oper
.iso.org.dod.internet.mgmt.mib-2.lispMIB.lispObjects.lispMapCacheTable.lispMapCacheEntry.lispMapCacheEidTimeStamp.<>,.1.3.6.1.2.1.220.1.6.1.3.<>,/lisp-state/lisp-routers/instances/af/map-cache/up-time,Cisco-IOS-XE-lisp-oper
.iso.org.dod.internet.mgmt.mib-2.lispMIB.lispObjects.lispGlobalStatsTable.lispGlobalStatsEntry.lispGlobalStatsMapRegistersIn.<>,.1.3.6.1.2.1.220.1.3.1.5.<>,/lisp-state/lisp-routers/instances/af/map-register-records-in,Cisco-IOS-XE-lisp-oper
.iso.org.dod.internet.mgmt.mib-2.lispMIB.lispObjects.lispGlobalStatsTable.lispGlobalStatsEntry.lispGlobalStatsMapRegistersOut.<>,.1.3.6.1.2.1.220.1.3.1.6.<>,/lisp-state/lisp-routers/instances/af/map-register-records-out,Cisco-IOS-XE-lisp-oper
.iso.org.dod.internet.mgmt.mib-2.lispMIB.lispObjects.lispGlobalStatsTable.lispGlobalStatsEntry.lispGlobalStatsMapRepliesIn.<>,.1.3.6.1.2.1.220.1.3.1.3.<>,/lisp-state/lisp-routers/instances/af/map-reply-records-in,Cisco-IOS-XE-lisp-oper
.iso.org.dod.internet.mgmt.mib-2.lispMIB.lispObjects.lispGlobalStatsTable.lispGlobalStatsEntry.lispGlobalStatsMapRepliesOut.<>,.1.3.6.1.2.1.220.1.3.1.4.<>,/lisp-state/lisp-routers/instances/af/map-reply-records-out,Cisco-IOS-XE-lisp-oper
.iso.org.dod.internet.mgmt.mib-2.lispMIB.lispObjects.lispGlobalStatsTable.lispGlobalStatsEntry.lispGlobalStatsMapRequestsIn.<>,.1.3.6.1.2.1.220.1.3.1.1.<>,/lisp-state/lisp-routers/instances/af/map-requests-in,Cisco-IOS-XE-lisp-oper
.iso.org.dod.internet.mgmt.mib-2.lispMIB.lispObjects.lispGlobalStatsTable.lispGlobalStatsEntry.lispGlobalStatsMapRequestsOut.<>,.1.3.6.1.2.1.220.1.3.1.2.<>,/lisp-state/lisp-routers/instances/af/map-requests-out,Cisco-IOS-XE-lisp-oper
.iso.org.dod.internet.mgmt.mib-2.lispMIB.lispObjects.lispUseMapResolverTable.lispUseMapResolverEntry.lispUseMapResolverState.<>,.1.3.6.1.2.1.220.1.13.1.3.<>,/lisp-state/lisp-routers/instances/af/map-resolvers/state,Cisco-IOS-XE-lisp-oper
.iso.org.dod.internet.mgmt.mib-2.lispMIB.lispObjects.lispUseMapServerTable.lispUseMapServerEntry.lispUseMapServerState.<>,.1.3.6.1.2.1.220.1.12.1.3.<>,/lisp-state/lisp-routers/instances/af/map-servers/state,Cisco-IOS-XE-lisp-oper
.iso.org.dod.internet.mgmt.mib-2.lispMIB.lispObjects.lispFeaturesTable.lispFeaturesEntry.lispFeaturesEtrEnabled.<>,.1.3.6.1.2.1.220.1.1.1.4.<>,/lisp-state/lisp-routers/instances/af/role/is-etr,Cisco-IOS-XE-lisp-oper
.iso.org.dod.internet.mgmt.mib-2.lispMIB.lispObjects.lispFeaturesTable.lispFeaturesEntry.lispFeaturesItrEnabled.<>,.1.3.6.1.2.1.220.1.1.1.3.<>,/lisp-state/lisp-routers/instances/af/role/is-itr,Cisco-IOS-XE-lisp-oper
.iso.org.dod.internet.mgmt.mib-2.lispMIB.lispObjects.lispFeaturesTable.lispFeaturesEntry.lispFeaturesMapResolverEnabled.<>,.1.3.6.1.2.1.220.1.1.1.8.<>,/lisp-state/lisp-routers/instances/af/role/is-mr,Cisco-IOS-XE-lisp-oper
.iso.org.dod.internet.mgmt.mib-2.lispMIB.lispObjects.lispFeaturesTable.lispFeaturesEntry.lispFeaturesMapServerEnabled.<>,.1.3.6.1.2.1.220.1.1.1.7.<>,/lisp-state/lisp-routers/instances/af/role/is-ms,Cisco-IOS-XE-lisp-oper
.iso.org.dod.internet.mgmt.mib-2.lispMIB.lispObjects.lispFeaturesTable.lispFeaturesEntry.lispFeaturesProxyEtrEnabled.<>,.1.3.6.1.2.1.220.1.1.1.6.<>,/lisp-state/lisp-routers/instances/af/role/is-petr,Cisco-IOS-XE-lisp-oper
.iso.org.dod.internet.mgmt.mib-2.lispMIB.lispObjects.lispFeaturesTable.lispFeaturesEntry.lispFeaturesProxyItrEnabled.<>,.1.3.6.1.2.1.220.1.1.1.5.<>,/lisp-state/lisp-routers/instances/af/role/is-pitr,Cisco-IOS-XE-lisp-oper
.iso.org.dod.internet.mgmt.mib-2.lispMIB.lispObjects.lispFeaturesTable.lispFeaturesEntry.lispFeaturesMapCacheSize.<>,.1.3.6.1.2.1.220.1.1.1.9.<>,/lisp-state/lisp-routers/instances/instances/af/map-cache-size,Cisco-IOS-XE-lisp-oper
.iso.org.dod.internet.mgmt.mib-2.lispMIB.lispObjects.lispFeaturesTable.lispFeaturesEntry.lispFeaturesRlocProbeEnabled.<>,.1.3.6.1.2.1.220.1.1.1.12.<>,/lisp-state/lisp-routers/instances/is-rloc-probing,Cisco-IOS-XE-lisp-oper
.iso.org.dod.internet.mgmt.mib-2.lispMIB.lispObjects.lispIidToVrfTable.lispIidToVrfEntry.lispIidToVrfName.<>,.1.3.6.1.2.1.220.1.2.1.1.<>,/lisp-state/lisp-routers/instances/vrf-name,Cisco-IOS-XE-lisp-oper
.iso.org.dod.internet.mgmt.mib-2.lispMIB.lispObjects.lispConfiguredLocatorTable.lispConfiguredLocatorEntry.lispConfiguredLocatorRlocLocal.<>,.1.3.6.1.2.1.220.1.8.1.4.<>,/lisp-state/lisp-routers/local-rlocs/is-local,Cisco-IOS-XE-lisp-oper
.iso.org.dod.internet.mgmt.mib-2.lispMIB.lispObjects.lispConfiguredLocatorTable.lispConfiguredLocatorEntry.lispConfiguredLocatorRlocState.<>,.1.3.6.1.2.1.220.1.8.1.3.<>,/lisp-state/lisp-routers/local-rlocs/state,Cisco-IOS-XE-lisp-oper
.iso.std.iso8802.ieee802dot1.ieee802dot1mibs.lldpMIB.lldpObjects.lldpRemoteSystemsData.lldpRemTable.lldpRemEntry.lldpRemChassisId,.1.0.8802.1.1.2.1.4.1.1.5,/lldp-entries/lldp-intf-details/lldp-neighbor-details/chassis-id,Cisco-IOS-XE-lldp-oper
.iso.std.iso8802.ieee802dot1.ieee802dot1mibs.lldpMIB.lldpObjects.lldpRemoteSystemsData.lldpRemTable.lldpRemEntry.lldpRemChassisIdSubtype,.1.0.8802.1.1.2.1.4.1.1.4,/lldp-entries/lldp-intf-details/lldp-neighbor-details/chassis-id-type,Cisco-IOS-XE-lldp-oper
.iso.std.iso8802.ieee802dot1.ieee802dot1mibs.lldpMIB.lldpObjects.lldpRemoteSystemsData.lldpRemTable.lldpRemEntry.lldpRemSysCapEnabled,.1.0.8802.1.1.2.1.4.1.1.12,/lldp-entries/lldp-intf-details/lldp-neighbor-details/enabled-capabilities,Cisco-IOS-XE-lldp-oper
.iso.std.iso8802.ieee802dot1.ieee802dot1mibs.lldpMIB.lldpObjects.lldpRemoteSystemsData.lldpRemTable.lldpRemEntry.lldpRemPortDesc,.1.0.8802.1.1.2.1.4.1.1.8,/lldp-entries/lldp-intf-details/lldp-neighbor-details/port-desc,Cisco-IOS-XE-lldp-oper
.iso.std.iso8802.ieee802dot1.ieee802dot1mibs.lldpMIB.lldpObjects.lldpRemoteSystemsData.lldpRemTable.lldpRemEntry.lldpRemPortId,.1.0.8802.1.1.2.1.4.1.1.7,/lldp-entries/lldp-intf-details/lldp-neighbor-details/port-id,Cisco-IOS-XE-lldp-oper
.iso.std.iso8802.ieee802dot1.ieee802dot1mibs.lldpMIB.lldpObjects.lldpRemoteSystemsData.lldpRemTable.lldpRemEntry.lldpRemPortIdSubtype,.1.0.8802.1.1.2.1.4.1.1.6,/lldp-entries/lldp-intf-details/lldp-neighbor-details/port-id-type,Cisco-IOS-XE-lldp-oper
.iso.std.iso8802.ieee802dot1.ieee802dot1mibs.lldpMIB.lldpObjects.lldpRemoteSystemsData.lldpRemTable.lldpRemEntry.lldpRemSysCapSupported,.1.0.8802.1.1.2.1.4.1.1.11,/lldp-entries/lldp-intf-details/lldp-neighbor-details/system-capabilities,Cisco-IOS-XE-lldp-oper
.iso.std.iso8802.ieee802dot1.ieee802dot1mibs.lldpMIB.lldpObjects.lldpRemoteSystemsData.lldpRemTable.lldpRemEntry.lldpRemSysDesc,.1.0.8802.1.1.2.1.4.1.1.10,/lldp-entries/lldp-intf-details/lldp-neighbor-details/system-desc,Cisco-IOS-XE-lldp-oper
.iso.std.iso8802.ieee802dot1.ieee802dot1mibs.lldpMIB.lldpObjects.lldpRemoteSystemsData.lldpRemTable.lldpRemEntry.lldpRemSysName,.1.0.8802.1.1.2.1.4.1.1.9,/lldp-entries/lldp-intf-details/lldp-neighbor-details/system-name,Cisco-IOS-XE-lldp-oper
.iso.std.iso8802.ieee802dot1.ieee802dot1mibs.lldpMIB.lldpObjects.lldpLocalSystemData.lldpLocChassisId.<>,.1.0.8802.1.1.2.1.3.2.<>,/lldp-entries/lldp-state-details/chassis-id,Cisco-IOS-XE-lldp-oper
.iso.std.iso8802.ieee802dot1.ieee802dot1mibs.lldpMIB.lldpObjects.lldpLocalSystemData.lldpLocChassisIdSubtype.<>,.1.0.8802.1.1.2.1.3.1.<>,/lldp-entries/lldp-state-details/chassis-id-type,Cisco-IOS-XE-lldp-oper
.iso.std.iso8802.ieee802dot1.ieee802dot1mibs.lldpMIB.lldpObjects.lldpLocalSystemData.lldpLocSysDesc.<>,.1.0.8802.1.1.2.1.3.4.<>,/lldp-entries/lldp-state-details/system-desc,Cisco-IOS-XE-lldp-oper
.iso.std.iso8802.ieee802dot1.ieee802dot1mibs.lldpMIB.lldpObjects.lldpLocalSystemData.lldpLocSysName.<>,.1.0.8802.1.1.2.1.3.3.<>,/lldp-entries/lldp-state-details/system-name,Cisco-IOS-XE-lldp-oper
.iso.std.iso8802.ieee802dot1.ieee802dot1mibs.lldpMIB.lldpObjects.lldpConfiguration.lldpReinitDelay.<>,.1.0.8802.1.1.2.1.1.3.<>,/native/lldp/reinit,Cisco-IOS-XE-lldp
.iso.std.iso8802.ieee802dot1.ieee802dot1mibs.lldpMIB.lldpObjects.lldpConfiguration.lldpMessageTxInterval.<>,.1.0.8802.1.1.2.1.1.1.<>,/native/lldp/timer,Cisco-IOS-XE-lldp
.iso.org.dod.internet.mgmt.mib-2.vrrpv3MIB.vrrpv3Objects.vrrpv3Statistics.vrrpv3RouterVrIdErrors.<>,.1.3.6.1.2.1.207.1.2.3.<>,/ospf-oper-data/ospf-state/ospf-instance/ospf-area/area-id,Cisco-IOS-XE-ospf-oper
.iso.org.dod.internet.mgmt.mib-2.ospf.ospfNbrTable.ospfNbrEntry.ospfNbrRtrId.<>,.1.3.6.1.2.1.14.10.1.3.<>,/ospf-oper-data/ospf-state/ospf-instance/ospf-area/ospf-interface/bdr,Cisco-IOS-XE-ospf-oper
.iso.org.dod.internet.mgmt.mib-2.ospf.ospfIfTable.ospfIfEntry.ospfIfRtrDeadInterval.<>,.1.3.6.1.2.1.14.7.1.10.<>,/ospf-oper-data/ospf-state/ospf-instance/ospf-area/ospf-interface/dead-interval,Cisco-IOS-XE-ospf-oper
.iso.org.dod.internet.mgmt.mib-2.ospf.ospfIfMetricTable.ospfIfMetricEntry.ospfIfMetricIpAddress.<>,.1.3.6.1.2.1.14.8.1.1.<>,/ospf-oper-data/ospf-state/ospf-instance/ospf-area/ospf-interface/dr,Cisco-IOS-XE-ospf-oper
.iso.org.dod.internet.mgmt.mib-2.entityMIB.entityMIBObjects.entityMapping.entPhysicalContainsTable.entPhysicalContainsEntry.entPhysicalChildIndex.<>,.1.3.6.1.2.1.47.1.3.3.1.1.<>,/ospf-oper-data/ospf-state/ospf-instance/ospf-area/ospf-interface/hello-interval,Cisco-IOS-XE-ospf-oper
.iso.org.dod.internet.mgmt.mib-2.ospf.ospfNbrTable.ospfNbrEntry.ospfNbrIpAddr.<>,.1.3.6.1.2.1.14.10.1.1.<>,/ospf-oper-data/ospf-state/ospf-instance/ospf-area/ospf-interface/ospf-neighbor/address,Cisco-IOS-XE-ospf-oper
.iso.org.dod.internet.mgmt.mib-2.entityMIB.entityMIBObjects.entityPhysical.entPhysicalTable.entPhysicalEntry.entPhysicalParentRelPos.<>,.1.3.6.1.2.1.47.1.1.1.1.6.<>,/ospf-oper-data/ospf-state/ospf-instance/ospf-area/ospf-interface/ospf-neighbor/stats/nbr-event-count,Cisco-IOS-XE-ospf-oper
.iso.org.dod.internet.mgmt.mib-2.ospf.ospfIfTable.ospfIfEntry.ospfIfState.<>,.1.3.6.1.2.1.14.7.1.12.<>,/ospf-oper-data/ospf-state/ospf-instance/ospf-area/ospf-interface/retransmit-interval,Cisco-IOS-XE-ospf-oper
.iso.org.dod.internet.mgmt.mib-2.ospf.ospfLsdbTable.ospfLsdbEntry.ospfLsdbChecksum.<>,.1.3.6.1.2.1.14.4.1.7.<>,/ospf-oper-data/ospfv2-instance/ospfv2-area/ospfv2-lsdb-area/lsa-checksum,Cisco-IOS-XE-ospf-oper
.iso.org.dod.internet.mgmt.mib-2.powerEthernetMIB.pethObjects.pethMainPseObjects.pethMainPseTable.pethMainPseEntry.pethMainPsePower.<>,.1.3.6.1.2.1.105.1.3.1.1.2.<>,/poe-oper-data/poe-module/available-power,Cisco-IOS-XE-poe-oper
.iso.org.dod.internet.mgmt.mib-2.powerEthernetMIB.pethObjects.pethMainPseObjects.pethMainPseTable.pethMainPseEntry.pethMainPseConsumptionPower.<>,.1.3.6.1.2.1.105.1.3.1.1.4.<>,/poe-oper-data/poe-switch/consumed-poe-power,Cisco-IOS-XE-poe-oper
.iso.org.dod.internet.private.enterprises.cisco.ciscoMgmt.ciscoPtpMIB.ciscoPtpMIBObjects.ciscoPtpMIBClockInfo.cPtpClockDefaultDSTable.cPtpClockDefaultDSEntry.cPtpClockDefaultDSQualityOffset,.1.3.6.1.4.1.9.9.760.1.2.3.1.11,/ptp-synce-oper-data/ptp-dataset/clock-quality/offset-scaled-log-var,Cisco-IOS-XE-ptp-synce-oper
.iso.org.dod.internet.private.enterprises.cisco.ciscoMgmt.ciscoPtpMIB.ciscoPtpMIBObjects.ciscoPtpMIBClockInfo.cPtpClockCurrentDSTable.cPtpClockCurrentDSEntry.cPtpClockCurrentDSStepsRemoved,.1.3.6.1.4.1.9.9.760.1.2.1.1.4,/ptp-synce-oper-data/ptp-dataset/current-dataset/steps-removed,Cisco-IOS-XE-ptp-synce-oper
.iso.org.dod.internet.private.enterprises.cisco.ciscoMgmt.ciscoPtpMIB.ciscoPtpMIBObjects.ciscoPtpMIBClockInfo.cPtpClockRunningTable.cPtpClockRunningEntry.cPtpClockRunningPacketsReceived,.1.3.6.1.4.1.9.9.760.1.2.4.1.6,/ptp-synce-oper-data/ptp-dataset/runtime-state/pkts-rcvd,Cisco-IOS-XE-ptp-synce-oper
.iso.org.dod.internet.private.enterprises.cisco.ciscoMgmt.ciscoPtpMIB.ciscoPtpMIBObjects.ciscoPtpMIBClockInfo.cPtpClockRunningTable.cPtpClockRunningEntry.cPtpClockRunningPacketsSent,.1.3.6.1.4.1.9.9.760.1.2.4.1.5,/ptp-synce-oper-data/ptp-dataset/runtime-state/pkts-sent,Cisco-IOS-XE-ptp-synce-oper
.iso.org.dod.internet.private.enterprises.cisco.ciscoMgmt.ciscoPtpMIB.ciscoPtpMIBObjects.ciscoPtpMIBClockInfo.cPtpClockTimePropertiesDSTable.cPtpClockTimePropertiesDSEntry.cPtpClockTimePropertiesDSCurrentUTCOffset,.1.3.6.1.4.1.9.9.760.1.2.5.1.5,/ptp-synce-oper-data/ptp-dataset/time-properties/current-utc-offset,Cisco-IOS-XE-ptp-synce-oper
.iso.org.dod.internet.private.enterprises.cisco.ciscoMgmt.ciscoPtpMIB.ciscoPtpMIBObjects.ciscoPtpMIBClockInfo.cPtpClockTimePropertiesDSTable.cPtpClockTimePropertiesDSEntry.cPtpClockTimePropertiesDSCurrentUTCOffsetValid,.1.3.6.1.4.1.9.9.760.1.2.5.1.4,/ptp-synce-oper-data/ptp-dataset/time-properties/current-utc-offset-valid,Cisco-IOS-XE-ptp-synce-oper
.iso.org.dod.internet.private.enterprises.cisco.ciscoMgmt.ciscoPtpMIB.ciscoPtpMIBObjects.ciscoPtpMIBClockInfo.cPtpClockTimePropertiesDSTable.cPtpClockTimePropertiesDSEntry.cPtpClockTimePropertiesDSFreqTraceable,.1.3.6.1.4.1.9.9.760.1.2.5.1.9,/ptp-synce-oper-data/ptp-dataset/time-properties/frequency-traceable,Cisco-IOS-XE-ptp-synce-oper
.iso.org.dod.internet.private.enterprises.cisco.ciscoMgmt.ciscoPtpMIB.ciscoPtpMIBObjects.ciscoPtpMIBClockInfo.cPtpClockTimePropertiesDSTable.cPtpClockTimePropertiesDSEntry.cPtpClockTimePropertiesDSLeap59,.1.3.6.1.4.1.9.9.760.1.2.5.1.6,/ptp-synce-oper-data/ptp-dataset/time-properties/leap59,Cisco-IOS-XE-ptp-synce-oper
.iso.org.dod.internet.private.enterprises.cisco.ciscoMgmt.ciscoPtpMIB.ciscoPtpMIBObjects.ciscoPtpMIBClockInfo.cPtpClockTimePropertiesDSTable.cPtpClockTimePropertiesDSEntry.cPtpClockTimePropertiesDSLeap61,.1.3.6.1.4.1.9.9.760.1.2.5.1.7,/ptp-synce-oper-data/ptp-dataset/time-properties/leap61,Cisco-IOS-XE-ptp-synce-oper
.iso.org.dod.internet.private.enterprises.cisco.ciscoMgmt.ciscoPtpMIB.ciscoPtpMIBObjects.ciscoPtpMIBClockInfo.cPtpClockTimePropertiesDSTable.cPtpClockTimePropertiesDSEntry.cPtpClockTimePropertiesDSPTPTimescale,.1.3.6.1.4.1.9.9.760.1.2.5.1.10,/ptp-synce-oper-data/ptp-dataset/time-properties/ptp-time-scale,Cisco-IOS-XE-ptp-synce-oper
.iso.org.dod.internet.private.enterprises.cisco.ciscoMgmt.ciscoPtpMIB.ciscoPtpMIBObjects.ciscoPtpMIBClockInfo.cPtpClockTimePropertiesDSTable.cPtpClockTimePropertiesDSEntry.cPtpClockTimePropertiesDSSource,.1.3.6.1.4.1.9.9.760.1.2.5.1.11,/ptp-synce-oper-data/ptp-dataset/time-properties/time-source,Cisco-IOS-XE-ptp-synce-oper
.iso.org.dod.internet.private.enterprises.cisco.ciscoMgmt.ciscoPtpMIB.ciscoPtpMIBObjects.ciscoPtpMIBClockInfo.cPtpClockTimePropertiesDSTable.cPtpClockTimePropertiesDSEntry.cPtpClockTimePropertiesDSTimeTraceable,.1.3.6.1.4.1.9.9.760.1.2.5.1.8,/ptp-synce-oper-data/ptp-dataset/time-properties/time-traceable,Cisco-IOS-XE-ptp-synce-oper
.iso.org.dod.internet.mgmt.mib-2.transmission.tunnelMIB.tunnelMIBObjects.tunnel.tunnelIfTable.tunnelIfEntry.tunnelIfRemoteInetAddress,.1.3.6.1.2.1.10.131.1.1.1.1.10,/tunnel-oper-data/tunnel-if/dst-addr,Cisco-IOS-XE-tunnel-oper
.iso.org.dod.internet.mgmt.mib-2.transmission.tunnelMIB.tunnelMIBObjects.tunnel.tunnelIfTable.tunnelIfEntry.tunnelIfEncapsMethod,.1.3.6.1.2.1.10.131.1.1.1.1.3,/tunnel-oper-data/tunnel-if/mode,Cisco-IOS-XE-tunnel-oper
.iso.org.dod.internet.mgmt.mib-2.transmission.tunnelMIB.tunnelMIBObjects.tunnel.tunnelIfTable.tunnelIfEntry.tunnelIfLocalInetAddress,.1.3.6.1.2.1.10.131.1.1.1.1.9,/tunnel-oper-data/tunnel-if/src-addr,Cisco-IOS-XE-tunnel-oper
.iso.org.dod.internet.private.enterprises.cisco.ciscoExperiment.cpwVcMIB.cpwVcObjects.cpwVcTable.cpwVcEntry.cpwVcType.<>,.1.3.6.1.4.1.9.10.106.1.2.1.2.<>,/l2vpn-oper-data/l2vpn-atom-vc-info[key=value]/circuit-type,Cisco-IOS-XE-l2vpn-oper
.iso.org.dod.internet.private.enterprises.cisco.ciscoExperiment.cpwVcMIB.cpwVcObjects.cpwVcTable.cpwVcEntry.cpwVcPeerAddr.<>,.1.3.6.1.4.1.9.10.106.1.2.1.9.<>,/l2vpn-oper-data/l2vpn-atom-vc-info[key=value]/peer-address,Cisco-IOS-XE-l2vpn-oper
.iso.org.dod.internet.private.enterprises.cisco.ciscoExperiment.cpwVcMIB.cpwVcObjects.cpwVcTable.cpwVcEntry.cpwVcID.<>,.1.3.6.1.4.1.9.10.106.1.2.1.10.<>,/l2vpn-oper-data/l2vpn-atom-vc-info[key=value]/vcid,Cisco-IOS-XE-l2vpn-oper
.iso.org.dod.internet.private.enterprises.cisco.ciscoExperiment.cpwVcMIB.cpwVcObjects.cpwVcTable.cpwVcEntry.cpwVcLocalGroupID.<>,.1.3.6.1.4.1.9.10.106.1.2.1.11.<>,/l2vpn-oper-data/l2vpn-atom-vc-info[key=value]/pw-binding-data/local-binding/group-id,Cisco-IOS-XE-l2vpn-oper
.iso.org.dod.internet.private.enterprises.cisco.ciscoExperiment.cpwVcMIB.cpwVcObjects.cpwVcTable.cpwVcEntry.cpwVcControlWord.<>,.1.3.6.1.4.1.9.10.106.1.2.1.12.<>,/l2vpn-oper-data/l2vpn-atom-vc-info[key=value]/pw-binding-data/local-binding/control-word,Cisco-IOS-XE-l2vpn-oper
.iso.org.dod.internet.private.enterprises.cisco.ciscoExperiment.cpwVcMIB.cpwVcObjects.cpwVcTable.cpwVcEntry.cpwVcLocalIfMtu.<>,.1.3.6.1.4.1.9.10.106.1.2.1.13.<>,/l2vpn-oper-data/l2vpn-atom-vc-info[key=value]/pw-binding-data/local-binding/mtu,Cisco-IOS-XE-l2vpn-oper
.iso.org.dod.internet.private.enterprises.cisco.ciscoExperiment.cpwVcMIB.cpwVcObjects.cpwVcTable.cpwVcEntry.cpwVcRemoteGroupID.<>,.1.3.6.1.4.1.9.10.106.1.2.1.15.<>,/l2vpn-oper-data/l2vpn-atom-vc-info[key=value]/pw-binding-data/remote-binding/group-id,Cisco-IOS-XE-l2vpn-oper
.iso.org.dod.internet.private.enterprises.cisco.ciscoExperiment.cpwVcMIB.cpwVcObjects.cpwVcTable.cpwVcEntry.cpwVcRemoteControlWord.<>,.1.3.6.1.4.1.9.10.106.1.2.1.16.<>,/l2vpn-oper-data/l2vpn-atom-vc-info[key=value]/pw-binding-data/remote-binding/control-word,Cisco-IOS-XE-l2vpn-oper
.iso.org.dod.internet.private.enterprises.cisco.ciscoExperiment.cpwVcMIB.cpwVcObjects.cpwVcTable.cpwVcEntry.cpwVcRemoteIfMtu.<>,.1.3.6.1.4.1.9.10.106.1.2.1.17.<>,/l2vpn-oper-data/l2vpn-atom-vc-info[key=value]/pw-binding-data/remote-binding/mtu,Cisco-IOS-XE-l2vpn-oper
.iso.org.dod.internet.private.enterprises.cisco.ciscoExperiment.cpwVcMIB.cpwVcObjects.cpwVcTable.cpwVcEntry.cpwVcRemoteIfString.<>,.1.3.6.1.4.1.9.10.106.1.2.1.18.<>,/l2vpn-oper-data/l2vpn-atom-vc-info[key=value]/pw-binding-data/remote-binding/if-name,Cisco-IOS-XE-l2vpn-oper
.iso.org.dod.internet.private.enterprises.cisco.ciscoExperiment.cpwVcMIB.cpwVcObjects.cpwVcTable.cpwVcEntry.cpwVcOutboundVcLabel.<>,.1.3.6.1.4.1.9.10.106.1.2.1.19.<>,/l2vpn-oper-data/l2vpn-atom-vc-info[key=value]/pw-binding-data/remote-binding/label,Cisco-IOS-XE-l2vpn-oper
.iso.org.dod.internet.private.enterprises.cisco.ciscoExperiment.cpwVcMIB.cpwVcObjects.cpwVcTable.cpwVcEntry.cpwVcInboundVcLabel.<>,.1.3.6.1.4.1.9.10.106.1.2.1.20.<>,/l2vpn-oper-data/l2vpn-atom-vc-info[key=value]/pw-binding-data/local-binding/label,Cisco-IOS-XE-l2vpn-oper
.iso.org.dod.internet.private.enterprises.cisco.ciscoExperiment.cpwVcMIB.cpwVcObjects.cpwVcTable.cpwVcEntry.cpwVcName.<>,.1.3.6.1.4.1.9.10.106.1.2.1.21.<>,/l2vpn-oper-data/l2vpn-atom-vc-info[key=value]/local-if-name,Cisco-IOS-XE-l2vpn-oper
.iso.org.dod.internet.private.enterprises.cisco.ciscoExperiment.cpwVcMIB.cpwVcObjects.cpwVcTable.cpwVcEntry.cpwVcCreateTime.<>,.1.3.6.1.4.1.9.10.106.1.2.1.23.<>,/l2vpn-oper-data/l2vpn-atom-vc-info[key=value]/create-time,Cisco-IOS-XE-l2vpn-oper
.iso.org.dod.internet.private.enterprises.cisco.ciscoExperiment.cpwVcMIB.cpwVcObjects.cpwVcTable.cpwVcEntry.cpwVcOperStatus.<>,.1.3.6.1.4.1.9.10.106.1.2.1.26.<>,/l2vpn-oper-data/l2vpn-services/l2vpn-xconnect[key=value]/xconnect-state,Cisco-IOS-XE-l2vpn-oper
.iso.org.dod.internet.private.enterprises.cisco.ciscoExperiment.ciscoIetfBfdMIB.ciscoBfdObjects.ciscoBfdSessTable.ciscoBfdSessEntry.ciscoBfdSessDemandModeDesiredFlag,.1.3.6.1.4.1.9.10.137.1.2.1.10,/bfd-state/bfd-if[key=value]/bfd-peer[key=value]/peer/demand-mode-req,Cisco-IOS-XE-bfd-oper
.iso.org.dod.internet.private.enterprises.cisco.ciscoExperiment.ciscoIetfBfdMIB.ciscoBfdObjects.ciscoBfdSessTable.ciscoBfdSessEntry.ciscoBfdSessAuthPresFlag,.1.3.6.1.4.1.9.10.137.1.2.1.21,/bfd-state/bfd-if[key=value]/bfd-peer[key=value]/peer/rem-auth-enabled,Cisco-IOS-XE-bfd-oper
.iso.org.dod.internet.private.enterprises.cisco.ciscoExperiment.ciscoIetfBfdMIB.ciscoBfdObjects.ciscoBfdSessPerfTable.ciscoBfdSessPerfEntry.ciscoBfdSessPerfSessUpCount,.1.3.6.1.4.1.9.10.137.1.3.1.6,/bfd-state/bfd-if[key=value]/bfd-peer[key=value]/peer/async/up-trans,Cisco-IOS-XE-bfd-oper
.iso.org.dod.internet.private.enterprises.cisco.ciscoExperiment.ciscoIetfBfdMIB.ciscoBfdObjects.ciscoBfdSessPerfTable.ciscoBfdSessPerfEntry.ciscoBfdSessPerfPktOut,.1.3.6.1.4.1.9.10.137.1.3.1.2,/bfd-state/bfd-if[key=value]/bfd-peer[key=value]/peer/async/tx-packets,Cisco-IOS-XE-bfd-oper
.iso.org.dod.internet.private.enterprises.cisco.ciscoExperiment.ciscoIetfBfdMIB.ciscoBfdObjects.ciscoBfdSessPerfTable.ciscoBfdSessPerfEntry.ciscoBfdSessPerfPktIn,.1.3.6.1.4.1.9.10.137.1.3.1.1,/bfd-state/bfd-if[key=value]/bfd-peer[key=value]/peer/async/rx-packets,Cisco-IOS-XE-bfd-oper
.iso.org.dod.internet.private.enterprises.cisco.ciscoMgmt.ciscoCdpMIB.ciscoCdpMIBObjects.cdpCache.cdpCacheTable.cdpCacheEntry.cdpCacheAddress.<>,.1.3.6.1.4.1.9.9.23.1.2.1.1.4.<>,/cdp-neighbor-details/cdp-neighbor-detail[key=value]/ip-address,Cisco-IOS-XE-cdp-oper
.iso.org.dod.internet.private.enterprises.cisco.ciscoMgmt.ciscoCdpMIB.ciscoCdpMIBObjects.cdpCache.cdpCacheTable.cdpCacheEntry.cdpCacheVersion.<>,.1.3.6.1.4.1.9.9.23.1.2.1.1.5.<>,/cdp-neighbor-details/cdp-neighbor-detail[key=value]/version,Cisco-IOS-XE-cdp-oper
.iso.org.dod.internet.private.enterprises.cisco.ciscoMgmt.ciscoCdpMIB.ciscoCdpMIBObjects.cdpCache.cdpCacheTable.cdpCacheEntry.cdpCacheDeviceId.<>,.1.3.6.1.4.1.9.9.23.1.2.1.1.6.<>,/cdp-neighbor-details/cdp-neighbor-detail[key=value]/device-name,Cisco-IOS-XE-cdp-oper
.iso.org.dod.internet.private.enterprises.cisco.ciscoMgmt.ciscoCdpMIB.ciscoCdpMIBObjects.cdpCache.cdpCacheTable.cdpCacheEntry.cdpCacheDevicePort.<>,.1.3.6.1.4.1.9.9.23.1.2.1.1.7.<>,/cdp-neighbor-details/cdp-neighbor-detail[key=value]/port-id,Cisco-IOS-XE-cdp-oper
.iso.org.dod.internet.private.enterprises.cisco.ciscoMgmt.ciscoCdpMIB.ciscoCdpMIBObjects.cdpCache.cdpCacheTable.cdpCacheEntry.cdpCachePlatform.<>,.1.3.6.1.4.1.9.9.23.1.2.1.1.8.<>,/cdp-neighbor-details/cdp-neighbor-detail[key=value]/platform-name,Cisco-IOS-XE-cdp-oper
.iso.org.dod.internet.private.enterprises.cisco.ciscoMgmt.ciscoCdpMIB.ciscoCdpMIBObjects.cdpCache.cdpCacheTable.cdpCacheEntry.cdpCacheCapabilities.<>,.1.3.6.1.4.1.9.9.23.1.2.1.1.9.<>,/cdp-neighbor-details/cdp-neighbor-detail[key=value]/capability,Cisco-IOS-XE-cdp-oper
.iso.org.dod.internet.private.enterprises.cisco.ciscoMgmt.ciscoCdpMIB.ciscoCdpMIBObjects.cdpCache.cdpCacheTable.cdpCacheEntry.cdpCacheVTPMgmtDomain.<>,.1.3.6.1.4.1.9.9.23.1.2.1.1.10.<>,/cdp-neighbor-details/cdp-neighbor-detail[key=value]/vty-mgmt-domain,Cisco-IOS-XE-cdp-oper
.iso.org.dod.internet.private.enterprises.cisco.ciscoMgmt.ciscoCdpMIB.ciscoCdpMIBObjects.cdpCache.cdpCacheTable.cdpCacheEntry.cdpCacheNativeVLAN.<>,.1.3.6.1.4.1.9.9.23.1.2.1.1.11.<>,/cdp-neighbor-details/cdp-neighbor-detail[key=value]/native-vlan,Cisco-IOS-XE-cdp-oper
.iso.org.dod.internet.private.enterprises.cisco.ciscoMgmt.ciscoCdpMIB.ciscoCdpMIBObjects.cdpCache.cdpCacheTable.cdpCacheEntry.cdpCacheDuplex.<>,.1.3.6.1.4.1.9.9.23.1.2.1.1.12.<>,/cdp-neighbor-details/cdp-neighbor-detail[key=value]/duplex,Cisco-IOS-XE-cdp-oper
.iso.org.dod.internet.private.enterprises.cisco.ciscoMgmt.ciscoMemoryPoolMIB.ciscoMemoryPoolObjects.ciscoMemoryPoolTable.ciscoMemoryPoolEntry.ciscoMemoryPoolName.<>,.1.3.6.1.4.1.9.9.48.1.1.1.2.<>,/memory-statistics/memory-statistic[key=value]/name,Cisco-IOS-XE-memory-oper
.iso.org.dod.internet.private.enterprises.cisco.ciscoMgmt.ciscoMemoryPoolMIB.ciscoMemoryPoolObjects.ciscoMemoryPoolTable.ciscoMemoryPoolEntry.ciscoMemoryPoolUsed.<>,.1.3.6.1.4.1.9.9.48.1.1.1.5.<>,/memory-statistics/memory-statistic[key=value]/used-memory,Cisco-IOS-XE-memory-oper
.iso.org.dod.internet.private.enterprises.cisco.ciscoMgmt.ciscoMemoryPoolMIB.ciscoMemoryPoolObjects.ciscoMemoryPoolTable.ciscoMemoryPoolEntry.ciscoMemoryPoolFree.<>,.1.3.6.1.4.1.9.9.48.1.1.1.6.<>,/memory-statistics/memory-statistic[key=value]/free-memory,Cisco-IOS-XE-memory-oper
.iso.org.dod.internet.private.enterprises.cisco.ciscoMgmt.ciscoMemoryPoolMIB.ciscoMemoryPoolObjects.ciscoMemoryPoolTable.ciscoMemoryPoolEntry.ciscoMemoryPoolLargestFree.<>,.1.3.6.1.4.1.9.9.48.1.1.1.7<>,/memory-statistics/memory-statistic[key=value]/highest-usage,Cisco-IOS-XE-memory-oper
.iso.org.dod.internet.private.enterprises.cisco.ciscoMgmt.ciscoProcessMIB.ciscoProcessMIBObjects.cpmCPU.cpmCPUTotalTable.cpmCPUTotalEntry.cpmCPUTotal5secRev.<>,.1.3.6.1.4.1.9.9.109.1.1.1.1.6.<>,/cpu-usage/cpu-utilization/five-seconds,Cisco-IOS-XE-process-cpu-oper
.iso.org.dod.internet.private.enterprises.cisco.ciscoMgmt.ciscoProcessMIB.ciscoProcessMIBObjects.cpmCPU.cpmCPUTotalTable.cpmCPUTotalEntry.cpmCPUTotal1minRev.<>,.1.3.6.1.4.1.9.9.109.1.1.1.1.7.<>,/cpu-usage/cpu-utilization/one-minute,Cisco-IOS-XE-process-cpu-oper
.iso.org.dod.internet.private.enterprises.cisco.ciscoMgmt.ciscoProcessMIB.ciscoProcessMIBObjects.cpmCPU.cpmCPUTotalTable.cpmCPUTotalEntry.cpmCPUTotal5minRev.<>,.1.3.6.1.4.1.9.9.109.1.1.1.1.8.<>,/cpu-usage/cpu-utilization/five-minutes,Cisco-IOS-XE-process-cpu-oper
.iso.org.dod.internet.private.enterprises.cisco.ciscoMgmt.ciscoProcessMIB.ciscoProcessMIBObjects.cpmProcess.cpmProcessTable.cpmProcessEntry.cpmProcessPID.<>,.1.3.6.1.4.1.9.9.109.1.2.1.1.1.<>,/cpu-usage/cpu-utilization/cpu-usage-processes/cpu-usage-process[key=value]/pid,Cisco-IOS-XE-process-cpu-oper
.iso.org.dod.internet.private.enterprises.cisco.ciscoMgmt.ciscoProcessMIB.ciscoProcessMIBObjects.cpmProcess.cpmProcessTable.cpmProcessEntry.cpmProcessName.<>,.1.3.6.1.4.1.9.9.109.1.2.1.1.2.<>,/cpu-usage/cpu-utilization/cpu-usage-processes/cpu-usage-process[key=value]/name,Cisco-IOS-XE-process-cpu-oper
.iso.org.dod.internet.private.enterprises.cisco.ciscoMgmt.ciscoProcessMIB.ciscoProcessMIBObjects.cpmProcess.cpmProcessTable.cpmProcessEntry.cpmProcessAverageUSecs.<>,.1.3.6.1.4.1.9.9.109.1.2.1.1.6.<>,/cpu-usage/cpu-utilization/cpu-usage-processes/cpu-usage-process[key=value]/avg-run-time,Cisco-IOS-XE-process-cpu-oper
.iso.org.dod.internet.private.enterprises.cisco.ciscoMgmt.ciscoProcessMIB.ciscoProcessMIBObjects.cpmProcess.cpmProcessExtRevTable.cpmProcessExtRevEntry.cpmProcExtRuntimeRev.<>,.1.3.6.1.4.1.9.9.109.1.2.3.1.4.<>,/cpu-usage/cpu-utilization/cpu-usage-processes/cpu-usage-process[key=value]/total-run-time,Cisco-IOS-XE-process-cpu-oper
.iso.org.dod.internet.private.enterprises.cisco.ciscoMgmt.ciscoProcessMIB.ciscoProcessMIBObjects.cpmProcess.cpmProcessExtRevTable.cpmProcessExtRevEntry.cpmProcExtUtil5SecRev.<>,.1.3.6.1.4.1.9.9.109.1.2.3.1.6.<>,/cpu-usage/cpu-utilization/cpu-usage-processes/cpu-usage-process[key=value]/five-seconds,Cisco-IOS-XE-process-cpu-oper
.iso.org.dod.internet.private.enterprises.cisco.ciscoMgmt.ciscoProcessMIB.ciscoProcessMIBObjects.cpmProcess.cpmProcessExtRevTable.cpmProcessExtRevEntry.cpmProcExtInvokedRev.<>,.1.3.6.1.4.1.9.9.109.1.2.3.1.3.<>,/cpu-usage/cpu-utilization/cpu-usage-processes/cpu-usage-process[key=value]/invocation-count,Cisco-IOS-XE-process-cpu-oper
.iso.org.dod.internet.private.enterprises.cisco.ciscoMgmt.ciscoProcessMIB.ciscoProcessMIBObjects.cpmProcess.cpmProcessExtRevTable.cpmProcessExtRevEntry.cpmProcExtUtil1MinRev.<>,.1.3.6.1.4.1.9.9.109.1.2.3.1.7 .<>,/cpu-usage/cpu-utilization/cpu-usage-processes/cpu-usage-process[key=value]/one-minute,Cisco-IOS-XE-process-cpu-oper
.iso.org.dod.internet.private.enterprises.cisco.ciscoMgmt.ciscoProcessMIB.ciscoProcessMIBObjects.cpmProcess.cpmProcessExtRevTable.cpmProcessExtRevEntry.cpmProcExtUtil5MinRev.<>,.1.3.6.1.4.1.9.9.109.1.2.3.1.8.<>,/cpu-usage/cpu-utilization/cpu-usage-processes/cpu-usage-process[key=value]/five-minutes,Cisco-IOS-XE-process-cpu-oper
.iso.org.dod.internet.private.enterprises.cisco.ciscoMgmt.ciscoProcessMIB.ciscoProcessMIBObjects.cpmProcess.cpmProcessTable.cpmProcessEntry.cpmProcessPID.<>,.1.3.6.1.4.1.9.9.109.1.2.1.1.1.<>,/memory-usage-processes/memory-usage-process[key=value]/pid,Cisco-IOS-XE-process-memory-oper
.iso.org.dod.internet.private.enterprises.cisco.ciscoMgmt.ciscoProcessMIB.ciscoProcessMIBObjects.cpmProcess.cpmProcessTable.cpmProcessEntry.cpmProcessName.<>,.1.3.6.1.4.1.9.9.109.1.2.1.1.2.<>,/memory-usage-processes/memory-usage-process[key=value]/name,Cisco-IOS-XE-process-memory-oper
.iso.org.dod.internet.private.enterprises.cisco.ciscoMgmt.ciscoProcessMIB.ciscoProcessMIBObjects.cpmProcess.cpmProcessExtRevTable.cpmProcessExtRevEntry.cpmProcExtMemAllocatedRev.<>,.1.3.6.1.4.1.9.9.109.1.2.3.1.1.<>,/memory-usage-processes/memory-usage-process[key=value]/allocated-memory,Cisco-IOS-XE-process-memory-oper
.iso.org.dod.internet.private.enterprises.cisco.ciscoMgmt.ciscoProcessMIB.ciscoProcessMIBObjects.cpmProcess.cpmProcessExtRevTable.cpmProcessExtRevEntry.cpmProcExtMemFreedRev.<>,.1.3.6.1.4.1.9.9.109.1.2.3.1.2.<>,/memory-usage-processes/memory-usage-process[key=value]/freed-memory,Cisco-IOS-XE-process-memory-oper
.iso.org.dod.internet.private.enterprises.cisco.ciscoMgmt.ciscoProcessMIB.ciscoProcessMIBObjects.cpmProcess.cpmProcessExtRevTable.cpmProcessExtRevEntry.cpmProcessDynamicMemorySize.<>,.1.3.6.1.4.1.9.9.109.1.2.3.1.18.<>,/memory-usage-processes/memory-usage-process[key=value]/holding-memory,Cisco-IOS-XE-process-memory-oper
.iso.org.dod.internet.mgmt.mib-2.interfaces.ifTable.ifEntry.ifIndex.<>,.1.3.6.1.2.1.2.2.1.1.<>,/interfaces/interface[key=value]/if-index,Cisco-IOS-XE-interfaces-oper
.iso.org.dod.internet.mgmt.mib-2.interfaces.ifTable.ifEntry.ifMtu.<>,.1.3.6.1.2.1.2.2.1.4.<>,/interfaces/interface[key=value]/mtu,Cisco-IOS-XE-interfaces-oper
.iso.org.dod.internet.mgmt.mib-2.ifMIB.ifMIBObjects.ifXTable.ifXEntry.ifName.<>,.1.3.6.1.2.1.31.1.1.1.1.<>,/interfaces/interface[key=value]/name,Cisco-IOS-XE-interfaces-oper
.iso.org.dod.internet.mgmt.mib-2.interfaces.ifTable.ifEntry.ifInOctets.<>,.1.3.6.1.2.1.2.2.1.10.<>,/interfaces/interface[key=value]/statistics/in-octets,Cisco-IOS-XE-interfaces-oper
.iso.org.dod.internet.mgmt.mib-2.interfaces.ifTable.ifEntry.ifType.<>,.1.3.6.1.2.1.2.2.1.3.<>,/interfaces/interface[key=value]/interface-type,Cisco-IOS-XE-interfaces-oper
.iso.org.dod.internet.mgmt.mib-2.interfaces.ifTable.ifEntry.ifAdminStatus.<>,.1.3.6.1.2.1.2.2.1.7.<>,/interfaces/interface[key=value]/admin-status,Cisco-IOS-XE-interfaces-oper
.iso.org.dod.internet.mgmt.mib-2.interfaces.ifTable.ifEntry.ifOperStatus.<>,.1.3.6.1.2.1.2.2.1.8.<>,/interfaces/interface[key=value]/oper-status,Cisco-IOS-XE-interfaces-oper
.iso.org.dod.internet.mgmt.mib-2.interfaces.ifTable.ifEntry.ifLastChange.<>,.1.3.6.1.2.1.2.2.1.9.<>,/interfaces/interface[key=value]/last-change,Cisco-IOS-XE-interfaces-oper
.iso.org.dod.internet.mgmt.mib-2.ifMIB.ifMIBObjects.ifXTable.ifXEntry.ifCounterDiscontinuityTime.<>,.1.3.6.1.2.1.31.1.1.1.19.<>,/interfaces/interface[key=value]/statistics/discontinuity-time,Cisco-IOS-XE-interfaces-oper
.iso.org.dod.internet.mgmt.mib-2.interfaces.ifTable.ifEntry.ifDescr.<>,.1.3.6.1.2.1.2.2.1.2.<>,/interfaces/interface[key=value]/description,Cisco-IOS-XE-interfaces-oper
.iso.org.dod.internet.private.enterprises.cisco.ciscoExperiment.ciscoIetfBfdMIB.ciscoBfdObjects.ciscoBfdSessTable.ciscoBfdSessEntry.ciscoBfdSessDiscriminator,.1.3.6.1.4.1.9.10.137.1.2.1.3,/bfd/interfaces/interface[key=value]/peers/peer[key=value]/state/local-discriminator,openconfig-bfd
.iso.org.dod.internet.private.enterprises.cisco.ciscoExperiment.ciscoIetfBfdMIB.ciscoBfdObjects.ciscoBfdSessTable.ciscoBfdSessEntry.ciscoBfdSessRemoteDiscr,.1.3.6.1.4.1.9.10.137.1.2.1.4,/bfd/interfaces/interface[key=value]/peers/peer[key=value]/state/remote-discriminator,openconfig-bfd
.iso.org.dod.internet.private.enterprises.cisco.ciscoExperiment.ciscoIetfBfdMIB.ciscoBfdObjects.ciscoBfdSessTable.ciscoBfdSessEntry.ciscoBfdSessState,.1.3.6.1.4.1.9.10.137.1.2.1.6,/bfd/interfaces/interface[key=value]/peers/peer[key=value]/state/session-state,openconfig-bfd
.iso.org.dod.internet.private.enterprises.cisco.ciscoExperiment.ciscoIetfBfdMIB.ciscoBfdObjects.ciscoBfdSessTable.ciscoBfdSessEntry.ciscoBfdSessAddr,.1.3.6.1.4.1.9.10.137.1.2.1.14,/bfd/interfaces/interface[key=value]/peers/peer[key=value]/state/local-address,openconfig-bfd
.iso.org.dod.internet.private.enterprises.cisco.ciscoExperiment.ciscoIetfBfdMIB.ciscoBfdObjects.ciscoBfdSessTable.ciscoBfdSessEntry.ciscoBfdSessDesiredMinTxInterval,.1.3.6.1.4.1.9.10.137.1.2.1.15,/bfd/interfaces/interface[key=value]/config/desired-minimum-tx-interval,openconfig-bfd
.iso.org.dod.internet.private.enterprises.cisco.ciscoExperiment.ciscoIetfBfdMIB.ciscoBfdObjects.ciscoBfdSessTable.ciscoBfdSessEntry.ciscoBfdSessReqMinRxInterval,.1.3.6.1.4.1.9.10.137.1.2.1.16,/bfd/interfaces/interface[key=value]/config/required-minimum-receive,openconfig-bfd
.iso.org.dod.internet.private.enterprises.cisco.ciscoExperiment.ciscoIetfBfdMIB.ciscoBfdObjects.ciscoBfdSessTable.ciscoBfdSessEntry.ciscoBfdSessReqMinEchoRxInterval,.1.3.6.1.4.1.9.10.137.1.2.1.17,/bfd/interfaces/interface[key=value]/config/required-minimum-receive,openconfig-bfd
.iso.org.dod.internet.private.enterprises.cisco.ciscoExperiment.ciscoIetfBfdMIB.ciscoBfdObjects.ciscoBfdSessTable.ciscoBfdSessEntry.ciscoBfdSessDetectMult,.1.3.6.1.4.1.9.10.137.1.2.1.18,/bfd/interfaces/interface[key=value]/config/detection-multiplier,openconfig-bfd
.iso.org.dod.internet.private.enterprises.cisco.ciscoExperiment.ciscoIetfBfdMIB.ciscoBfdObjects.ciscoBfdSessPerfTable.ciscoBfdSessPerfEntry.ciscoBfdSessPerfSessUpCount,.1.3.6.1.4.1.9.10.137.1.3.1.6,/bfd/interfaces/interface[key=value]/peers/peer[key=value]/state/async/up-transitions,openconfig-bfd
.iso.org.dod.internet.private.enterprises.cisco.ciscoMgmt.ciscoNetworkVirtualizationOverlayMIB.cnvoMIBObjects.cnvoNvoObjects.cnvoVNetTable.cnvoVNetEntry.cnvoVNetVlan.<>,.1.3.6.1.4.1.9.9.820.1.1.2.1.4.<>,/nve-oper-data/nve-oper[key=value]/nve-vni-oper[key=value]/vlan-id,Cisco-IOS-XE-nve-oper
.iso.org.dod.internet.private.enterprises.cisco.ciscoMgmt.ciscoNetworkVirtualizationOverlayMIB.cnvoMIBObjects.cnvoNvoObjects.cnvoVNetTable.cnvoVNetEntry.cnvoVNetHostReachability.<>,.1.3.6.1.4.1.9.9.820.1.1.2.1.7.<>,/nve-oper-data/nve-oper[key=value]/nve-vni-oper[key=value]/vni-learning-mode,Cisco-IOS-XE-nve-oper
.iso.org.dod.internet.private.enterprises.cisco.ciscoMgmt.ciscoNetworkVirtualizationOverlayMIB.cnvoMIBObjects.cnvoNvoObjects.cnvoVNetTable.cnvoVNetEntry.cnvoVNetRouterMacAddr.<>,.1.3.6.1.4.1.9.9.820.1.1.2.1.10.<>,/nve-oper-data/nve-oper[key=value]/svi-mac,Cisco-IOS-XE-nve-oper
.iso.org.dod.internet.private.enterprises.cisco.ciscoMgmt.ciscoNetworkVirtualizationOverlayMIB.cnvoMIBObjects.cnvoNvoObjects.cnvoVNetTable.cnvoVNetEntry.cnvoVNetIpVrfOrBridgeDomainName.<>,.1.3.6.1.4.1.9.9.820.1.1.2.1.9.<>,/nve-oper-data/nve-oper[key=value]/nve-vni-oper[key=value]/nve-vni-vrf,Cisco-IOS-XE-nve-oper
.iso.org.dod.internet.private.enterprises.cisco.ciscoMgmt.ciscoNetworkVirtualizationOverlayMIB.cnvoMIBObjects.cnvoNvoObjects.cnvoVNetTable.cnvoVNetEntry.cnvoVNetVniType.<>,.1.3.6.1.4.1.9.9.820.1.1.2.1.8.<>,/nve-oper-data/nve-oper[key=value]/nve-vni-oper[key=value]/vni-type,Cisco-IOS-XE-nve-oper
.iso.org.dod.internet.private.enterprises.cisco.ciscoMgmt.ciscoNetworkVirtualizationOverlayMIB.cnvoMIBObjects.cnvoNvoObjects.cnvoVNetTable.cnvoVNetEntry.cnvoVNetReplication.<>,.1.3.6.1.4.1.9.9.820.1.1.2.1.6.<>,/nve-oper-data/nve-oper[key=value]/nve-vni-oper[key=value]/repl-type,Cisco-IOS-XE-nve-oper
.iso.org.dod.internet.private.enterprises.cisco.ciscoMgmt.ciscoNetworkVirtualizationOverlayMIB.cnvoMIBObjects.cnvoNvoObjects.cnvoVNetTable.cnvoVNetEntry.cnvoVNetIpMcastAddrType.<>,.1.3.6.1.4.1.9.9.820.1.1.2.1.2.<>,/nve-oper-data/nve-oper[key=value]/nve-mcast-encap,Cisco-IOS-XE-nve-oper
.iso.org.dod.internet.private.enterprises.cisco.ciscoMgmt.ciscoNetworkVirtualizationOverlayMIB.cnvoMIBObjects.cnvoNvoObjects.cnvoVNetTable.cnvoVNetEntry.cnvoVNetIpMcastAddr.<>,.1.3.6.1.4.1.9.9.820.1.1.2.1.3.<>,/nve-oper-data/nve-oper[key=value]/nve-vni-oper[key=value]/mcast-v4-address,Cisco-IOS-XE-nve-oper
.iso.org.dod.internet.private.enterprises.cisco.ciscoMgmt.ciscoNetworkVirtualizationOverlayMIB.cnvoMIBObjects.cnvoNvoObjects.cnvoNvoTable.cnvoNvoEntry.cnvoNvoEncapType.<>,.1.3.6.1.4.1.9.9.820.1.1.1.1.2.<>,/nve-oper-data/nve-oper[key=value]/nve-encap,Cisco-IOS-XE-nve-oper
.iso.org.dod.internet.private.enterprises.cisco.ciscoMgmt.ciscoNetworkVirtualizationOverlayMIB.cnvoMIBObjects.cnvoNvoObjects.cnvoNvoTable.cnvoNvoEntry.cnvoNvoSourceInterface.<>,.1.3.6.1.4.1.9.9.820.1.1.1.1.3.<>,/nve-oper-data/nve-oper[key=value]/src-if,Cisco-IOS-XE-nve-oper
.iso.org.dod.internet.private.enterprises.cisco.ciscoMgmt.ciscoNetworkVirtualizationOverlayMIB.cnvoMIBObjects.cnvoNvoObjects.cnvoPeerTable.cnvoPeerEntry.cnvoPeerUpTime.<>,.1.3.6.1.4.1.9.9.820.1.1.3.1.3.<>,/nve-oper-data/nve-oper[key=value]/nve-peer-oper[key=value]/peer-up-time,Cisco-IOS-XE-nve-oper
.iso.org.dod.internet.private.enterprises.cisco.ciscoMgmt.ciscoNetworkVirtualizationOverlayMIB.cnvoMIBObjects.cnvoNvoObjects.cnvoVNetStatsTable.cnvoVNetStatsEntry.cnvoVNetOutUnicastPackets.<>,.1.3.6.1.4.1.9.9.820.1.1.4.1.1.<>,/nve-oper-data/nve-oper-counters[key=value]/nve-vni-oper-counters[key=value]/uc-output-packets,Cisco-IOS-XE-nve-oper
.iso.org.dod.internet.private.enterprises.cisco.ciscoMgmt.ciscoNetworkVirtualizationOverlayMIB.cnvoMIBObjects.cnvoNvoObjects.cnvoVNetStatsTable.cnvoVNetStatsEntry.cnvoVNetOutUnicastBytes.<>,.1.3.6.1.4.1.9.9.820.1.1.4.1.2.<>,/nve-oper-data/nve-oper-counters[key=value]/nve-vni-oper-counters[key=value]/uc-output-bytes,Cisco-IOS-XE-nve-oper
.iso.org.dod.internet.private.enterprises.cisco.ciscoMgmt.ciscoNetworkVirtualizationOverlayMIB.cnvoMIBObjects.cnvoNvoObjects.cnvoVNetStatsTable.cnvoVNetStatsEntry.cnvoVNetOutMulticastPackets.<>,.1.3.6.1.4.1.9.9.820.1.1.4.1.3.<>,/nve-oper-data/nve-oper-counters[key=value]/nve-vni-oper-counters[key=value]/mc-output-packets,Cisco-IOS-XE-nve-oper
.iso.org.dod.internet.private.enterprises.cisco.ciscoMgmt.ciscoNetworkVirtualizationOverlayMIB.cnvoMIBObjects.cnvoNvoObjects.cnvoVNetStatsTable.cnvoVNetStatsEntry.cnvoVNetOutMulticastBytes.<>,.1.3.6.1.4.1.9.9.820.1.1.4.1.4.<>,/nve-oper-data/nve-oper-counters[key=value]/nve-vni-oper-counters[key=value]/mc-output-bytes,Cisco-IOS-XE-nve-oper
.iso.org.dod.internet.private.enterprises.cisco.ciscoMgmt.ciscoNetworkVirtualizationOverlayMIB.cnvoMIBObjects.cnvoNvoObjects.cnvoVNetStatsTable.cnvoVNetStatsEntry.cnvoVNetInUnicastPackets.<>,.1.3.6.1.4.1.9.9.820.1.1.4.1.5.<>,/nve-oper-data/nve-oper-counters[key=value]/nve-vni-oper-counters[key=value]/uc-input-packets,Cisco-IOS-XE-nve-oper
.iso.org.dod.internet.private.enterprises.cisco.ciscoMgmt.ciscoNetworkVirtualizationOverlayMIB.cnvoMIBObjects.cnvoNvoObjects.cnvoVNetStatsTable.cnvoVNetStatsEntry.cnvoVNetInUnicastBytes.<>,.1.3.6.1.4.1.9.9.820.1.1.4.1.6.<>,/nve-oper-data/nve-oper-counters[key=value]/nve-vni-oper-counters[key=value]/uc-input-bytes,Cisco-IOS-XE-nve-oper
.iso.org.dod.internet.private.enterprises.cisco.ciscoMgmt.ciscoNetworkVirtualizationOverlayMIB.cnvoMIBObjects.cnvoNvoObjects.cnvoVNetStatsTable.cnvoVNetStatsEntry.cnvoVNetInMulticastPackets.<>,.1.3.6.1.4.1.9.9.820.1.1.4.1.7.<>,/nve-oper-data/nve-oper-counters[key=value]/nve-vni-oper-counters[key=value]/mc-input-packets,Cisco-IOS-XE-nve-oper
.iso.org.dod.internet.private.enterprises.cisco.ciscoMgmt.ciscoNetworkVirtualizationOverlayMIB.cnvoMIBObjects.cnvoNvoObjects.cnvoVNetStatsTable.cnvoVNetStatsEntry.cnvoVNetInMulticastBytes.<>,.1.3.6.1.4.1.9.9.820.1.1.4.1.8.<>,/nve-oper-data/nve-oper-counters[key=value]/nve-vni-oper-counters[key=value]/mc-input-bytes,Cisco-IOS-XE-nve-oper
.iso.member-body.us.ieee802dot3.snmpmibs.lagMIB.lagMIBObjects.dot3adAggPort.dot3adAggPortTable.dot3adAggPortEntry.dot3adAggPortActorOperKey,.1.2.840.10006.300.43.1.2.1.1.5,/lag-oper-data/lacp-port-channel[key=value]/lacp-member-state[key=value]/oper-key,Cisco-IOS-XE-lacp-oper
.iso.member-body.us.ieee802dot3.snmpmibs.lagMIB.lagMIBObjects.dot3adAggPort.dot3adAggPortTable.dot3adAggPortEntry.dot3adAggPortActorSystemID,.1.2.840.10006.300.43.1.2.1.1.3,/lag-oper-data/lacp-port-channel[key=value]/lacp-member-state[key=value]/system-id,Cisco-IOS-XE-lacp-oper
.iso.member-body.us.ieee802dot3.snmpmibs.lagMIB.lagMIBObjects.dot3adAggPort.dot3adAggPortTable.dot3adAggPortEntry.dot3adAggPortPartnerOperSystemID,.1.2.840.10006.300.43.1.2.1.1.9,/lag-oper-data/lacp-port-channel[key=value]/lacp-member-state[key=value]/partner-id,Cisco-IOS-XE-lacp-oper
.iso.member-body.us.ieee802dot3.snmpmibs.lagMIB.lagMIBObjects.dot3adAggPort.dot3adAggPortTable.dot3adAggPortEntry.dot3adAggPortActorPort,.1.2.840.10006.300.43.1.2.1.1.14,/lag-oper-data/lacp-port-channel[key=value]/lacp-member-state[key=value]/port-num,Cisco-IOS-XE-lacp-oper
.iso.member-body.us.ieee802dot3.snmpmibs.lagMIB.lagMIBObjects.dot3adAggPort.dot3adAggPortTable.dot3adAggPortEntry.dot3adAggPortPartnerOperPort,.1.2.840.10006.300.43.1.2.1.1.17,/lag-oper-data/lacp-port-channel[key=value]/lacp-member-state[key=value]/partner-port-num,Cisco-IOS-XE-lacp-oper
.iso.member-body.us.ieee802dot3.snmpmibs.lagMIB.lagMIBObjects.dot3adAgg.dot3adAggTable.dot3adAggEntry.dot3adAggActorAdminKey,.1.2.840.10006.300.43.1.1.1.1.6,/lag-oper-data/lag-info[key=value]/channel-group,Cisco-IOS-XE-lacp-oper
.iso.member-body.us.ieee802dot3.snmpmibs.lagMIB.lagMIBObjects.dot3adAgg.dot3adAggTable.dot3adAggEntry.dot3adAggAggregateOrIndividual,.1.2.840.10006.300.43.1.1.1.1.5,/lag-oper-data/lag-info[key=value]/port-channel-up,Cisco-IOS-XE-lacp-oper
.iso.member-body.us.ieee802dot3.snmpmibs.lagMIB.lagMIBObjects.dot3adAggPort.dot3adAggPortStatsTable.dot3adAggPortStatsEntry.dot3adAggPortStatsLACPDUsRx,.1.2.840.10006.300.43.1.2.2.1.1,/lag-oper-data/lacp-port-channel[key=value]/lacp-member-state[key=value]/counters/lacp-in-pkts,Cisco-IOS-XE-lacp-oper
.iso.member-body.us.ieee802dot3.snmpmibs.lagMIB.lagMIBObjects.dot3adAggPort.dot3adAggPortStatsTable.dot3adAggPortStatsEntry.dot3adAggPortStatsLACPDUsTx,.1.2.840.10006.300.43.1.2.2.1.6,/lag-oper-data/lacp-port-channel[key=value]/lacp-member-state[key=value]/counters/lacp-out-pkts,Cisco-IOS-XE-lacp-oper
.iso.member-body.us.ieee802dot3.snmpmibs.lagMIB.lagMIBObjects.dot3adAggPort.dot3adAggPortTable.dot3adAggPortEntry.dot3adAggPortPartnerOperKey,.1.2.840.10006.300.43.1.2.1.1.11,/lag-oper-data/lacp-port-channel[key=value]/lacp-member-state[key=value]/partner-key,Cisco-IOS-XE-lacp-oper
.iso.org.dod.internet.mgmt.mib-2.ntpSnmpMIB.ntpSnmpMIBObjects.ntpEntStatus.ntpEntStatusActiveRefSourceName,1.3.6.1.2.1.197.1.2.4,/ntp-oper-data/ntp-status-info/refid/ip-addr,Cisco-IOS-XE-ntp-oper
.iso.org.dod.internet.mgmt.mib-2.ntpSnmpMIB.ntpSnmpMIBObjects.ntpEntStatus.ntpEntStatusDateTime,1.3.6.1.2.1.197.1.2.9,/ntp-oper-data/ntp-status-info/reftime,Cisco-IOS-XE-ntp-oper
.iso.org.dod.internet.mgmt.mib-2.ntpSnmpMIB.ntpSnmpMIBObjects.ntpEntStatus.ntpEntStatusStratum,1.3.6.1.2.1.197.1.2.2,/ntp-oper-data/ntp-status-info/stratum,Cisco-IOS-XE-ntp-oper
.iso.org.dod.internet.mgmt.mib-2.ntpSnmpMIB.ntpSnmpMIBObjects.ntpEntStatus.ntpEntStatusDispersion,1.3.6.1.2.1.197.1.2.7,/ntp-oper-data/ntp-status-info/root-disp,Cisco-IOS-XE-ntp-oper
.iso.org.dod.internet.mgmt.mib-2.ntpSnmpMIB.ntpSnmpMIBObjects.ntpEntStatus.ntpEntStatusActiveOffset,1.3.6.1.2.1.197.1.2.5,/ntp-oper-data/ntp-status-info/offset,Cisco-IOS-XE-ntp-oper
.iso.org.dod.internet.mgmt.mib-2.ntpSnmpMIB.ntpSnmpMIBObjects.ntpAssociation.ntpAssociationTable.ntpAssociationEntry.ntpAssocStratum,1.3.6.1.2.1.197.1.3.1.1.7,/ntp-oper-data/ntp-status-info/ntp-associations/peer-stratum  ,Cisco-IOS-XE-ntp-oper
.iso.org.dod.internet.mgmt.mib-2.ntpSnmpMIB.ntpSnmpMIBObjects.ntpAssociation.ntpAssociationTable.ntpAssociationEntry.ntpAssocStatusDelay,1.3.6.1.2.1.197.1.3.1.1.9,/ntp-oper-data/ntp-status-info/ntp-associations/delay ,Cisco-IOS-XE-ntp-oper
.iso.org.dod.internet.mgmt.mib-2.ntpSnmpMIB.ntpSnmpMIBObjects.ntpAssociation.ntpAssociationTable.ntpAssociationEntry.ntpAssocOffset,1.3.6.1.2.1.197.1.3.1.1.6,/ntp-oper-data/ntp-status-info/ntp-associations/offset,Cisco-IOS-XE-ntp-oper
.iso.org.dod.internet.mgmt.mib-2.ntpSnmpMIB.ntpSnmpMIBObjects.ntpAssociation.ntpAssociationTable.ntpAssociationEntry.ntpAssocStatusJitter,1.3.6.1.2.1.197.1.3.1.1.8,/ntp-oper-data/ntp-status-info/ntp-associations/jitter,Cisco-IOS-XE-ntp-oper
.iso.org.dod.internet.mgmt.mib-2.ntpSnmpMIB.ntpSnmpMIBObjects.ntpAssociation.ntpAssociationTable.ntpAssociationEntry.ntpAssocAddress,1.3.6.1.2.1.197.1.3.1.1.5,/ntp-oper-data/ntp-status-info/ntp-associations/ntp-address/ip-addr,Cisco-IOS-XE-ntp-oper