OID,Numeric OID,YANG Xpath,YANG Module
.iso.org.ieee.standards-association-numbered-series-standards.lan-man-stds.ieee802dot1.ieee802dot1mibs.ieee8021CfmMib.dot1agMIBObjects.dot1agCfmMep.dot1agCfmMepTable.dot1agCfmMepEntry.dot1agCfmMepCcmSequenceErrors,.1.3.111.2.802.1.1.8.1.7.1.1.17,/cfm-statistics/cfm-meps/cfm-mep/ccm-seq-errors,Cisco-IOS-XE-cfm-oper
.iso.org.ieee.standards-association-numbered-series-standards.lan-man-stds.ieee802dot1.ieee802dot1mibs.ieee8021CfmMib.dot1agMIBObjects.dot1agCfmMep.dot1agCfmMepTable.dot1agCfmMepEntry.dot1agCfmMepCciSentCcms,.1.3.111.2.802.1.1.8.1.7.1.1.18,/cfm-statistics/cfm-meps/cfm-mep/ccm-transmitted,Cisco-IOS-XE-cfm-oper
.iso.org.ieee.standards-association-numbered-series-standards.lan-man-stds.ieee802dot1.ieee802dot1mibs.ieee8021CfmMib.dot1agMIBObjects.dot1agCfmMep.dot1agCfmMepTable.dot1agCfmMepEntry.dot1agCfmMepLbrInOutOfOrder,.1.3.111.2.802.1.1.8.1.7.1.1.21,/cfm-statistics/cfm-meps/cfm-mep/lbr-received-bad,Cisco-IOS-XE-cfm-oper
.iso.org.ieee.standards-association-numbered-series-standards.lan-man-stds.ieee802dot1.ieee802dot1mibs.ieee8021CfmMib.dot1agMIBObjects.dot1agCfmMep.dot1agCfmMepTable.dot1agCfmMepEntry.dot1agCfmMepLbrIn,.1.3.111.2.802.1.1.8.1.7.1.1.20,/cfm-statistics/cfm-meps/cfm-mep/lbr-received-ok,Cisco-IOS-XE-cfm-oper
.iso.org.ieee.standards-association-numbered-series-standards.lan-man-stds.ieee802dot1.ieee802dot1mibs.ieee8021CfmMib.dot1agMIBObjects.dot1agCfmMep.dot1agCfmMepTable.dot1agCfmMepEntry.dot1agCfmMepLbrOut,.1.3.111.2.802.1.1.8.1.7.1.1.25,/cfm-statistics/cfm-meps/cfm-mep/lbr-transmitted,Cisco-IOS-XE-cfm-oper
.iso.org.ieee.standards-association-numbered-series-standards.lan-man-stds.ieee802dot1.ieee802dot1mibs.ieee8021CfmMib.dot1agMIBObjects.dot1agCfmMep.dot1agCfmMepTable.dot1agCfmMepEntry.dot1agCfmMepUnexpLtrIn,.1.3.111.2.802.1.1.8.1.7.1.1.24,/cfm-statistics/cfm-meps/cfm-mep/ltr-unexpected,Cisco-IOS-XE-cfm-oper
.iso.org.ieee.standards-association-numbered-series-standards.lan-man-stds.ieee802dot1.ieee802dot1mibs.ieee8021CfmMib.dot1agMIBObjects.dot1agCfmStack.ieee8021CfmStackTable.ieee8021CfmStackEntry.ieee8021CfmStackMepId,.1.3.111.2.802.1.1.8.1.1.2.1.8,/cfm-statistics/cfm-meps/cfm-mep/mpid,Cisco-IOS-XE-cfm-oper
.iso.org.ieee.standards-association-numbered-series-standards.lan-man-stds.ieee802dot1.ieee802dot1mibs.ieee8021CfmMib.dot1agMIBObjects.dot1agCfmMep.dot1agCfmMepTable.dot1agCfmMepEntry.dot1agCfmMepActive,.1.3.111.2.802.1.1.8.1.7.1.1.5,/cfm-statistics/local-mep/ccm-state,Cisco-IOS-XE-cfm-oper
.iso.org.ieee.standards-association-numbered-series-standards.lan-man-stds.ieee802dot1.ieee802dot1mibs.ieee8021CfmMib.dot1agMIBObjects.dot1agCfmMep.dot1agCfmMepTable.dot1agCfmMepEntry.dot1agCfmMepDirection,.1.3.111.2.802.1.1.8.1.7.1.1.3,/cfm-statistics/local-mep/dir,Cisco-IOS-XE-cfm-oper
.iso.org.ieee.standards-association-numbered-series-standards.lan-man-stds.ieee802dot1.ieee802dot1mibs.ieee8021CfmMib.dot1agMIBObjects.dot1agCfmStack.ieee8021CfmStackTable.ieee8021CfmStackEntry.ieee8021CfmStackMacAddress,.1.3.111.2.802.1.1.8.1.1.2.1.9,/cfm-statistics/local-mep/mac-addr,Cisco-IOS-XE-cfm-oper
.iso.org.ieee.standards-association-numbered-series-standards.lan-man-stds.ieee802dot1.ieee802dot1mibs.ieee8021CfmMib.dot1agMIBObjects.dot1agCfmStack.ieee8021CfmStackTable.ieee8021CfmStackEntry.ieee8021CfmStackMepId,.1.3.111.2.802.1.1.8.1.1.2.1.8,/cfm-statistics/local-mep/mep-id,Cisco-IOS-XE-cfm-oper
.iso.org.dod.internet.private.enterprises.cisco.ciscoMgmt.ciscoEvcMIB.ciscoEvcMIBObjects.cevcServiceInstance.cevcSITable.cevcSIEntry.cevcSIName,.1.3.6.1.4.1.9.9.613.1.4.1.1.6,/efp-stats/efp-stat/id,Cisco-IOS-XE-efp-oper
.iso.org.dod.internet.mgmt.mib-2.diffServMib.diffServMIBObjects.diffServAction.diffServDscpMarkActTable.diffServDscpMarkActEntry.diffServDscpMarkActDscp.<>,.1.3.6.1.2.1.97.1.5.3.1.1.<>,/environment-sensors/environment-sensor/current-reading,Cisco-IOS-XE-environment-oper
.iso.org.dod.internet.private.enterprises.cisco.ciscoMgmt.ciscoHsrpMIB.ciscoHsrpMIBObjects.cHsrpGroup.cHsrpGrpTable.cHsrpGrpEntry.cHsrpGrpActiveRouter,.1.3.6.1.4.1.9.9.106.1.2.1.1.13,/hsrp-oper-data/hsrp-group-info/active-ip,Cisco-IOS-XE-hsrp-oper
.iso.org.dod.internet.private.enterprises.cisco.ciscoMgmt.ciscoHsrpMIB.ciscoHsrpMIBObjects.cHsrpGroup.cHsrpGrpTable.cHsrpGrpEntry.cHsrpGrpPreempt,.1.3.6.1.4.1.9.9.106.1.2.1.1.4,/hsrp-oper-data/hsrp-group-info/preempt,Cisco-IOS-XE-hsrp-oper
.iso.org.dod.internet.private.enterprises.cisco.ciscoMgmt.ciscoHsrpMIB.ciscoHsrpMIBObjects.cHsrpGroup.cHsrpGrpTable.cHsrpGrpEntry.cHsrpGrpPriority,.1.3.6.1.4.1.9.9.106.1.2.1.1.3,/hsrp-oper-data/hsrp-group-info/priority,Cisco-IOS-XE-hsrp-oper
.iso.org.dod.internet.private.enterprises.cisco.ciscoMgmt.ciscoHsrpMIB.ciscoHsrpMIBObjects.cHsrpGroup.cHsrpGrpTable.cHsrpGrpEntry.cHsrpGrpStandbyRouter,.1.3.6.1.4.1.9.9.106.1.2.1.1.14,/hsrp-oper-data/hsrp-group-info/standby-ip,Cisco-IOS-XE-hsrp-oper
.iso.org.dod.internet.private.enterprises.cisco.ciscoMgmt.ciscoHsrpMIB.ciscoHsrpMIBObjects.cHsrpGroup.cHsrpGrpTable.cHsrpGrpEntry.cHsrpGrpStandbyState,.1.3.6.1.4.1.9.9.106.1.2.1.1.15,/hsrp-oper-data/hsrp-group-info/state,Cisco-IOS-XE-hsrp-oper
.iso.org.dod.internet.private.enterprises.cisco.ciscoMgmt.ciscoHsrpMIB.ciscoHsrpMIBObjects.cHsrpGroup.cHsrpGrpTable.cHsrpGrpEntry.cHsrpGrpVirtualIpAddr,.1.3.6.1.4.1.9.9.106.1.2.1.1.11,/hsrp-oper-data/hsrp-group-info/virtual-ip,Cisco-IOS-XE-hsrp-oper
.iso.org.dod.internet.mgmt.mib-2.lispMIB.lispObjects.lispFeaturesTable.lispFeaturesEntry.lispFeaturesEtrMapCacheTtl.<>,.1.3.6.1.2.1.220.1.1.1.11.<>,/lisp-state/lisp-routers/instances/af/etr-map-cache-ttl,Cisco-IOS-XE-lisp-oper
.iso.org.dod.internet.mgmt.mib-2.lispMIB.lispObjects.lispFeaturesTable.lispFeaturesEntry.lispFeaturesEtrAcceptMapDataEnabled.<>,.1.3.6.1.2.1.220.1.1.1.13.<>,/lisp-state/lisp-routers/instances/af/is-etr-accept-mapping,Cisco-IOS-XE-lisp-oper
.iso.org.dod.internet.mgmt.mib-2.lispMIB.lispObjects.lispFeaturesTable.lispFeaturesEntry.lispFeaturesEtrAcceptMapDataVerifyEnabled.<>,.1.3.6.1.2.1.220.1.1.1.14.<>,/lisp-state/lisp-routers/instances/af/is-etr-accept-mapping-verify,Cisco-IOS-XE-lisp-oper
.iso.org.dod.internet.mgmt.mib-2.lispMIB.lispObjects.lispMappingDatabaseTable.lispMappingDatabaseEntry.lispMappingDatabaseTimeStamp.<>,.1.3.6.1.2.1.220.1.4.1.5.<>,/lisp-state/lisp-routers/instances/af/local-dbase/creation-time,Cisco-IOS-XE-lisp-oper
.iso.org.dod.internet.mgmt.mib-2.lispMIB.lispObjects.lispMappingDatabaseLocatorTable.lispMappingDatabaseLocatorEntry.lispMappingDatabaseLocatorRlocLocal.<>,.1.3.6.1.2.1.220.1.5.1.8.<>,/lisp-state/lisp-routers/instances/af/local-dbase/local-dbase-rloc/is-local,Cisco-IOS-XE-lisp-oper
.iso.org.dod.internet.mgmt.mib-2.lispMIB.lispObjects.lispMappingDatabaseLocatorTable.lispMappingDatabaseLocatorEntry.lispMappingDatabaseLocatorRlocMPriority.<>,.1.3.6.1.2.1.220.1.5.1.5.<>,/lisp-state/lisp-routers/instances/af/local-dbase/local-dbase-rloc/params/mcast-priority,Cisco-IOS-XE-lisp-oper
.iso.org.dod.internet.mgmt.mib-2.lispMIB.lispObjects.lispMappingDatabaseLocatorTable.lispMappingDatabaseLocatorEntry.lispMappingDatabaseLocatorRlocMWeight.<>,.1.3.6.1.2.1.220.1.5.1.6.<>,/lisp-state/lisp-routers/instances/af/local-dbase/local-dbase-rloc/params/mcast-weight,Cisco-IOS-XE-lisp-oper
.iso.org.dod.internet.mgmt.mib-2.lispMIB.lispObjects.lispMappingDatabaseLocatorTable.lispMappingDatabaseLocatorEntry.lispMappingDatabaseLocatorRlocPriority.<>,.1.3.6.1.2.1.220.1.5.1.3.<>,/lisp-state/lisp-routers/instances/af/local-dbase/local-dbase-rloc/params/priority,Cisco-IOS-XE-lisp-oper
.iso.org.dod.internet.mgmt.mib-2.lispMIB.lispObjects.lispMappingDatabaseLocatorTable.lispMappingDatabaseLocatorEntry.lispMappingDatabaseLocatorRlocWeight.<>,.1.3.6.1.2.1.220.1.5.1.4.<>,/lisp-state/lisp-routers/instances/af/local-dbase/local-dbase-rloc/params/weight,Cisco-IOS-XE-lisp-oper
.iso.org.dod.internet.mgmt.mib-2.lispMIB.lispObjects.lispMappingDatabaseLocatorTable.lispMappingDatabaseLocatorEntry.lispMappingDatabaseLocatorRlocState.<>,.1.3.6.1.2.1.220.1.5.1.7.<>,/lisp-state/lisp-routers/instances/af/local-dbase/local-dbase-rloc/state,Cisco-IOS-XE-lisp-oper
.iso.org.dod.internet.mgmt.mib-2.lispMIB.lispObjects.lispMappingDatabaseTable.lispMappingDatabaseEntry.lispMappingDatabaseLsb.<>,.1.3.6.1.2.1.220.1.4.1.3.<>,/lisp-state/lisp-routers/instances/af/local-dbase/lsb,Cisco-IOS-XE-lisp-oper
.iso.org.dod.internet.mgmt.mib-2.lispMIB.lispObjects.lispFeaturesTable.lispFeaturesEntry.lispFeaturesMapCacheLimit.<>,.1.3.6.1.2.1.220.1.1.1.10.<>,/lisp-state/lisp-routers/instances/af/map-cache-limit,Cisco-IOS-XE-lisp-oper
.iso.org.dod.internet.mgmt.mib-2.lispMIB.lispObjects.lispFeaturesTable.lispFeaturesEntry.lispFeaturesMapCacheSize.<>,.1.3.6.1.2.1.220.1.1.1.9.<>,/lisp-state/lisp-routers/instances/af/map-cache-size,Cisco-IOS-XE-lisp-oper
.iso.org.dod.internet.mgmt.mib-2.lispMIB.lispObjects.lispMapCacheTable.lispMapCacheEntry.lispMapCacheEidEncapOctets.<>,.1.3.6.1.2.1.220.1.6.1.9.<>,/lisp-state/lisp-routers/instances/af/map-cache/encapsulated-octets,Cisco-IOS-XE-lisp-oper
.iso.org.dod.internet.mgmt.mib-2.lispMIB.lispObjects.lispMapCacheTable.lispMapCacheEntry.lispMapCacheEidEncapPackets.<>,.1.3.6.1.2.1.220.1.6.1.10.<>,/lisp-state/lisp-routers/instances/af/map-cache/encapsulated-packets,Cisco-IOS-XE-lisp-oper
.iso.org.dod.internet.mgmt.mib-2.lispMIB.lispObjects.lispMapCacheTable.lispMapCacheEntry.lispMapCacheEidExpiryTime.<>,.1.3.6.1.2.1.220.1.6.1.4.<>,/lisp-state/lisp-routers/instances/af/map-cache/expiry-time,Cisco-IOS-XE-lisp-oper
.iso.org.dod.internet.mgmt.mib-2.lispMIB.lispObjects.lispMapCacheTable.lispMapCacheEntry.lispMapCacheEidState.<>,.1.3.6.1.2.1.220.1.6.1.5.<>,/lisp-state/lisp-routers/instances/af/map-cache/is-active,Cisco-IOS-XE-lisp-oper
.iso.org.dod.internet.mgmt.mib-2.lispMIB.lispObjects.lispMapCacheTable.lispMapCacheEntry.lispMapCacheEidAuthoritative.<>,.1.3.6.1.2.1.220.1.6.1.6.<>,/lisp-state/lisp-routers/instances/af/map-cache/is-authoritative,Cisco-IOS-XE-lisp-oper
.iso.org.dod.internet.mgmt.mib-2.lispMIB.lispObjects.lispMapCacheLocatorTable.lispMapCacheLocatorEntry.lispMapCacheLocatorRlocTimeStamp.<>,.1.3.6.1.2.1.220.1.7.1.8.<>,/lisp-state/lisp-routers/instances/af/map-cache/map-cache-rloc/creation-time,Cisco-IOS-XE-lisp-oper
.iso.org.dod.internet.mgmt.mib-2.lispMIB.lispObjects.lispMapCacheLocatorTable.lispMapCacheLocatorEntry.lispMapCacheLocatorRlocLastStateChange.<>,.1.3.6.1.2.1.220.1.7.1.13.<>,/lisp-state/lisp-routers/instances/af/map-cache/map-cache-rloc/last-state-change-time,Cisco-IOS-XE-lisp-oper
.iso.org.dod.internet.mgmt.mib-2.lispMIB.lispObjects.lispMapCacheLocatorTable.lispMapCacheLocatorEntry.lispMapCacheLocatorRlocMPriority.<>,.1.3.6.1.2.1.220.1.7.1.5.<>,/lisp-state/lisp-routers/instances/af/map-cache/map-cache-rloc/params/mcast-priority,Cisco-IOS-XE-lisp-oper
.iso.org.dod.internet.mgmt.mib-2.lispMIB.lispObjects.lispMapCacheLocatorTable.lispMapCacheLocatorEntry.lispMapCacheLocatorRlocMWeight.<>,.1.3.6.1.2.1.220.1.7.1.6.<>,/lisp-state/lisp-routers/instances/af/map-cache/map-cache-rloc/params/mcast-weight,Cisco-IOS-XE-lisp-oper
.iso.org.dod.internet.mgmt.mib-2.lispMIB.lispObjects.lispMapCacheLocatorTable.lispMapCacheLocatorEntry.lispMapCacheLocatorRlocPriority.<>,.1.3.6.1.2.1.220.1.7.1.3.<>,/lisp-state/lisp-routers/instances/af/map-cache/map-cache-rloc/params/priority,Cisco-IOS-XE-lisp-oper
.iso.org.dod.internet.mgmt.mib-2.lispMIB.lispObjects.lispMapCacheLocatorTable.lispMapCacheLocatorEntry.lispMapCacheLocatorRlocWeight.<>,.1.3.6.1.2.1.220.1.7.1.4.<>,/lisp-state/lisp-routers/instances/af/map-cache/map-cache-rloc/params/weight,Cisco-IOS-XE-lisp-oper
.iso.org.dod.internet.mgmt.mib-2.lispMIB.lispObjects.lispMapCacheLocatorTable.lispMapCacheLocatorEntry.lispMapCacheLocatorRlocRtt.<>,.1.3.6.1.2.1.220.1.7.1.14.<>,/lisp-state/lisp-routers/instances/af/map-cache/map-cache-rloc/rloc-probe-rtt,Cisco-IOS-XE-lisp-oper
.iso.org.dod.internet.mgmt.mib-2.lispMIB.lispObjects.lispMapCacheLocatorTable.lispMapCacheLocatorEntry.lispMapCacheLocatorRlocState.<>,.1.3.6.1.2.1.220.1.7.1.7.<>,/lisp-state/lisp-routers/instances/af/map-cache/map-cache-rloc/state,Cisco-IOS-XE-lisp-oper
.iso.org.dod.internet.mgmt.mib-2.lispMIB.lispObjects.lispMapCacheTable.lispMapCacheEntry.lispMapCacheEidTimeStamp.<>,.1.3.6.1.2.1.220.1.6.1.3.<>,/lisp-state/lisp-routers/instances/af/map-cache/up-time,Cisco-IOS-XE-lisp-oper
.iso.org.dod.internet.mgmt.mib-2.lispMIB.lispObjects.lispGlobalStatsTable.lispGlobalStatsEntry.lispGlobalStatsMapRegistersIn.<>,.1.3.6.1.2.1.220.1.3.1.5.<>,/lisp-state/lisp-routers/instances/af/map-register-records-in,Cisco-IOS-XE-lisp-oper
.iso.org.dod.internet.mgmt.mib-2.lispMIB.lispObjects.lispGlobalStatsTable.lispGlobalStatsEntry.lispGlobalStatsMapRegistersOut.<>,.1.3.6.1.2.1.220.1.3.1.6.<>,/lisp-state/lisp-routers/instances/af/map-register-records-out,Cisco-IOS-XE-lisp-oper
.iso.org.dod.internet.mgmt.mib-2.lispMIB.lispObjects.lispGlobalStatsTable.lispGlobalStatsEntry.lispGlobalStatsMapRepliesIn.<>,.1.3.6.1.2.1.220.1.3.1.3.<>,/lisp-state/lisp-routers/instances/af/map-reply-records-in,Cisco-IOS-XE-lisp-oper
.iso.org.dod.internet.mgmt.mib-2.lispMIB.lispObjects.lispGlobalStatsTable.lispGlobalStatsEntry.lispGlobalStatsMapRepliesOut.<>,.1.3.6.1.2.1.220.1.3.1.4.<>,/lisp-state/lisp-routers/instances/af/map-reply-records-out,Cisco-IOS-XE-lisp-oper
.iso.org.dod.internet.mgmt.mib-2.lispMIB.lispObjects.lispGlobalStatsTable.lispGlobalStatsEntry.lispGlobalStatsMapRequestsIn.<>,.1.3.6.1.2.1.220.1.3.1.1.<>,/lisp-state/lisp-routers/instances/af/map-requests-in,Cisco-IOS-XE-lisp-oper
.iso.org.dod.internet.mgmt.mib-2.lispMIB.lispObjects.lispGlobalStatsTable.lispGlobalStatsEntry.lispGlobalStatsMapRequestsOut.<>,.1.3.6.1.2.1.220.1.3.1.2.<>,/lisp-state/lisp-routers/instances/af/map-requests-out,Cisco-IOS-XE-lisp-oper
.iso.org.dod.internet.mgmt.mib-2.lispMIB.lispObjects.lispUseMapResolverTable.lispUseMapResolverEntry.lispUseMapResolverState.<>,.1.3.6.1.2.1.220.1.13.1.3.<>,/lisp-state/lisp-routers/instances/af/map-resolvers/state,Cisco-IOS-XE-lisp-oper
.iso.org.dod.internet.mgmt.mib-2.lispMIB.lispObjects.lispUseMapServerTable.lispUseMapServerEntry.lispUseMapServerState.<>,.1.3.6.1.2.1.220.1.12.1.3.<>,/lisp-state/lisp-routers/instances/af/map-servers/state,Cisco-IOS-XE-lisp-oper
.iso.org.dod.internet.mgmt.mib-2.lispMIB.lispObjects.lispFeaturesTable.lispFeaturesEntry.lispFeaturesEtrEnabled.<>,.1.3.6.1.2.1.220.1.1.1.4.<>,/lisp-state/lisp-routers/instances/af/role/is-etr,Cisco-IOS-XE-lisp-oper
.iso.org.dod.internet.mgmt.mib-2.lispMIB.lispObjects.lispFeaturesTable.lispFeaturesEntry.lispFeaturesItrEnabled.<>,.1.3.6.1.2.1.220.1.1.1.3.<>,/lisp-state/lisp-routers/instances/af/role/is-itr,Cisco-IOS-XE-lisp-oper
.iso.org.dod.internet.mgmt.mib-2.lispMIB.lispObjects.lispFeaturesTable.lispFeaturesEntry.lispFeaturesMapResolverEnabled.<>,.1.3.6.1.2.1.220.1.1.1.8.<>,/lisp-state/lisp-routers/instances/af/role/is-mr,Cisco-IOS-XE-lisp-oper
.iso.org.dod.internet.mgmt.mib-2.lispMIB.lispObjects.lispFeaturesTable.lispFeaturesEntry.lispFeaturesMapServerEnabled.<>,.1.3.6.1.2.1.220.1.1.1.7.<>,/lisp-state/lisp-routers/instances/af/role/is-ms,Cisco-IOS-XE-lisp-oper
.iso.org.dod.internet.mgmt.mib-2.lispMIB.lispObjects.lispFeaturesTable.lispFeaturesEntry.lispFeaturesProxyEtrEnabled.<>,.1.3.6.1.2.1.220.1.1.1.6.<>,/lisp-state/lisp-routers/instances/af/role/is-petr,Cisco-IOS-XE-lisp-oper
.iso.org.dod.internet.mgmt.mib-2.lispMIB.lispObjects.lispFeaturesTable.lispFeaturesEntry.lispFeaturesProxyItrEnabled.<>,.1.3.6.1.2.1.220.1.1.1.5.<>,/lisp-state/lisp-routers/instances/af/role/is-pitr,Cisco-IOS-XE-lisp-oper
.iso.org.dod.internet.mgmt.mib-2.lispMIB.lispObjects.lispFeaturesTable.lispFeaturesEntry.lispFeaturesMapCacheSize.<>,.1.3.6.1.2.1.220.1.1.1.9.<>,/lisp-state/lisp-routers/instances/instances/af/map-cache-size,Cisco-IOS-XE-lisp-oper
.iso.org.dod.internet.mgmt.mib-2.lispMIB.lispObjects.lispFeaturesTable.lispFeaturesEntry.lispFeaturesRlocProbeEnabled.<>,.1.3.6.1.2.1.220.1.1.1.12.<>,/lisp-state/lisp-routers/instances/is-rloc-probing,Cisco-IOS-XE-lisp-oper
.iso.org.dod.internet.mgmt.mib-2.lispMIB.lispObjects.lispIidToVrfTable.lispIidToVrfEntry.lispIidToVrfName.<>,.1.3.6.1.2.1.220.1.2.1.1.<>,/lisp-state/lisp-routers/instances/vrf-name,Cisco-IOS-XE-lisp-oper
.iso.org.dod.internet.mgmt.mib-2.lispMIB.lispObjects.lispConfiguredLocatorTable.lispConfiguredLocatorEntry.lispConfiguredLocatorRlocLocal.<>,.1.3.6.1.2.1.220.1.8.1.4.<>,/lisp-state/lisp-routers/local-rlocs/is-local,Cisco-IOS-XE-lisp-oper
.iso.org.dod.internet.mgmt.mib-2.lispMIB.lispObjects.lispConfiguredLocatorTable.lispConfiguredLocatorEntry.lispConfiguredLocatorRlocState.<>,.1.3.6.1.2.1.220.1.8.1.3.<>,/lisp-state/lisp-routers/local-rlocs/state,Cisco-IOS-XE-lisp-oper
.iso.std.iso8802.ieee802dot1.ieee802dot1mibs.lldpMIB.lldpObjects.lldpRemoteSystemsData.lldpRemTable.lldpRemEntry.lldpRemChassisId,.1.0.8802.1.1.2.1.4.1.1.5,/lldp-entries/lldp-intf-details/lldp-neighbor-details/chassis-id,Cisco-IOS-XE-lldp-oper
.iso.std.iso8802.ieee802dot1.ieee802dot1mibs.lldpMIB.lldpObjects.lldpRemoteSystemsData.lldpRemTable.lldpRemEntry.lldpRemChassisIdSubtype,.1.0.8802.1.1.2.1.4.1.1.4,/lldp-entries/lldp-intf-details/lldp-neighbor-details/chassis-id-type,Cisco-IOS-XE-lldp-oper
.iso.std.iso8802.ieee802dot1.ieee802dot1mibs.lldpMIB.lldpObjects.lldpRemoteSystemsData.lldpRemTable.lldpRemEntry.lldpRemSysCapEnabled,.1.0.8802.1.1.2.1.4.1.1.12,/lldp-entries/lldp-intf-details/lldp-neighbor-details/enabled-capabilities,Cisco-IOS-XE-lldp-oper
.iso.std.iso8802.ieee802dot1.ieee802dot1mibs.lldpMIB.lldpObjects.lldpRemoteSystemsData.lldpRemTable.lldpRemEntry.lldpRemPortDesc,.1.0.8802.1.1.2.1.4.1.1.8,/lldp-entries/lldp-intf-details/lldp-neighbor-details/port-desc,Cisco-IOS-XE-lldp-oper
.iso.std.iso8802.ieee802dot1.ieee802dot1mibs.lldpMIB.lldpObjects.lldpRemoteSystemsData.lldpRemTable.lldpRemEntry.lldpRemPortId,.1.0.8802.1.1.2.1.4.1.1.7,/lldp-entries/lldp-intf-details/lldp-neighbor-details/port-id,Cisco-IOS-XE-lldp-oper
.iso.std.iso8802.ieee802dot1.ieee802dot1mibs.lldpMIB.lldpObjects.lldpRemoteSystemsData.lldpRemTable.lldpRemEntry.lldpRemPortIdSubtype,.1.0.8802.1.1.2.1.4.1.1.6,/lldp-entries/lldp-intf-details/lldp-neighbor-details/port-id-type,Cisco-IOS-XE-lldp-oper
.iso.std.iso8802.ieee802dot1.ieee802dot1mibs.lldpMIB.lldpObjects.lldpRemoteSystemsData.lldpRemTable.lldpRemEntry.lldpRemSysCapSupported,.1.0.8802.1.1.2.1.4.1.1.11,/lldp-entries/lldp-intf-details/lldp-neighbor-details/system-capabilities,Cisco-IOS-XE-lldp-oper
.iso.std.iso8802.ieee802dot1.ieee802dot1mibs.lldpMIB.lldpObjects.lldpRemoteSystemsData.lldpRemTable.lldpRemEntry.lldpRemSysDesc,.1.0.8802.1.1.2.1.4.1.1.10,/lldp-entries/lldp-intf-details/lldp-neighbor-details/system-desc,Cisco-IOS-XE-lldp-oper
.iso.std.iso8802.ieee802dot1.ieee802dot1mibs.lldpMIB.lldpObjects.lldpRemoteSystemsData.lldpRemTable.lldpRemEntry.lldpRemSysName,.1.0.8802.1.1.2.1.4.1.1.9,/lldp-entries/lldp-intf-details/lldp-neighbor-details/system-name,Cisco-IOS-XE-lldp-oper
.iso.std.iso8802.ieee802dot1.ieee802dot1mibs.lldpMIB.lldpObjects.lldpLocalSystemData.lldpLocChassisId.<>,.1.0.8802.1.1.2.1.3.2.<>,/lldp-entries/lldp-state-details/chassis-id,Cisco-IOS-XE-lldp-oper
.iso.std.iso8802.ieee802dot1.ieee802dot1mibs.lldpMIB.lldpObjects.lldpLocalSystemData.lldpLocChassisIdSubtype.<>,.1.0.8802.1.1.2.1.3.1.<>,/lldp-entries/lldp-state-details/chassis-id-type,Cisco-IOS-XE-lldp-oper
.iso.std.iso8802.ieee802dot1.ieee802dot1mibs.lldpMIB.lldpObjects.lldpLocalSystemData.lldpLocSysDesc.<>,.1.0.8802.1.1.2.1.3.4.<>,/lldp-entries/lldp-state-details/system-desc,Cisco-IOS-XE-lldp-oper
.iso.std.iso8802.ieee802dot1.ieee802dot1mibs.lldpMIB.lldpObjects.lldpLocalSystemData.lldpLocSysName.<>,.1.0.8802.1.1.2.1.3.3.<>,/lldp-entries/lldp-state-details/system-name,Cisco-IOS-XE-lldp-oper
.iso.std.iso8802.ieee802dot1.ieee802dot1mibs.lldpMIB.lldpObjects.lldpConfiguration.lldpReinitDelay.<>,.1.0.8802.1.1.2.1.1.3.<>,/native/lldp/reinit,Cisco-IOS-XE-lldp
.iso.std.iso8802.ieee802dot1.ieee802dot1mibs.lldpMIB.lldpObjects.lldpConfiguration.lldpMessageTxInterval.<>,.1.0.8802.1.1.2.1.1.1.<>,/native/lldp/timer,Cisco-IOS-XE-lldp
.iso.org.dod.internet.mgmt.mib-2.vrrpv3MIB.vrrpv3Objects.vrrpv3Statistics.vrrpv3RouterVrIdErrors.<>,.1.3.6.1.2.1.207.1.2.3.<>,/ospf-oper-data/ospf-state/ospf-instance/ospf-area/area-id,Cisco-IOS-XE-ospf-oper
.iso.org.dod.internet.mgmt.mib-2.ospf.ospfNbrTable.ospfNbrEntry.ospfNbrRtrId.<>,.1.3.6.1.2.1.14.10.1.3.<>,/ospf-oper-data/ospf-state/ospf-instance/ospf-area/ospf-interface/bdr,Cisco-IOS-XE-ospf-oper
.iso.org.dod.internet.mgmt.mib-2.ospf.ospfIfTable.ospfIfEntry.ospfIfRtrDeadInterval.<>,.1.3.6.1.2.1.14.7.1.10.<>,/ospf-oper-data/ospf-state/ospf-instance/ospf-area/ospf-interface/dead-interval,Cisco-IOS-XE-ospf-oper
.iso.org.dod.internet.mgmt.mib-2.ospf.ospfIfMetricTable.ospfIfMetricEntry.ospfIfMetricIpAddress.<>,.1.3.6.1.2.1.14.8.1.1.<>,/ospf-oper-data/ospf-state/ospf-instance/ospf-area/ospf-interface/dr,Cisco-IOS-XE-ospf-oper
.iso.org.dod.internet.mgmt.mib-2.entityMIB.entityMIBObjects.entityMapping.entPhysicalContainsTable.entPhysicalContainsEntry.entPhysicalChildIndex.<>,.1.3.6.1.2.1.47.1.3.3.1.1.<>,/ospf-oper-data/ospf-state/ospf-instance/ospf-area/ospf-interface/hello-interval,Cisco-IOS-XE-ospf-oper
.iso.org.dod.internet.mgmt.mib-2.ospf.ospfNbrTable.ospfNbrEntry.ospfNbrIpAddr.<>,.1.3.6.1.2.1.14.10.1.1.<>,/ospf-oper-data/ospf-state/ospf-instance/ospf-area/ospf-interface/ospf-neighbor/address,Cisco-IOS-XE-ospf-oper
.iso.org.dod.internet.mgmt.mib-2.entityMIB.entityMIBObjects.entityPhysical.entPhysicalTable.entPhysicalEntry.entPhysicalParentRelPos.<>,.1.3.6.1.2.1.47.1.1.1.1.6.<>,/ospf-oper-data/ospf-state/ospf-instance/ospf-area/ospf-interface/ospf-neighbor/stats/nbr-event-count,Cisco-IOS-XE-ospf-oper
.iso.org.dod.internet.mgmt.mib-2.ospf.ospfIfTable.ospfIfEntry.ospfIfState.<>,.1.3.6.1.2.1.14.7.1.12.<>,/ospf-oper-data/ospf-state/ospf-instance/ospf-area/ospf-interface/retransmit-interval,Cisco-IOS-XE-ospf-oper
.iso.org.dod.internet.mgmt.mib-2.ospf.ospfLsdbTable.ospfLsdbEntry.ospfLsdbChecksum.<>,.1.3.6.1.2.1.14.4.1.7.<>,/ospf-oper-data/ospfv2-instance/ospfv2-area/ospfv2-lsdb-area/lsa-checksum,Cisco-IOS-XE-ospf-oper
.iso.org.dod.internet.mgmt.mib-2.powerEthernetMIB.pethObjects.pethMainPseObjects.pethMainPseTable.pethMainPseEntry.pethMainPsePower.<>,.1.3.6.1.2.1.105.1.3.1.1.2.<>,/poe-oper-data/poe-module/available-power,Cisco-IOS-XE-poe-oper
.iso.org.dod.internet.mgmt.mib-2.powerEthernetMIB.pethObjects.pethMainPseObjects.pethMainPseTable.pethMainPseEntry.pethMainPseConsumptionPower.<>,.1.3.6.1.2.1.105.1.3.1.1.4.<>,/poe-oper-data/poe-switch/consumed-poe-power,Cisco-IOS-XE-poe-oper
.iso.org.dod.internet.private.enterprises.cisco.ciscoMgmt.ciscoPtpMIB.ciscoPtpMIBObjects.ciscoPtpMIBClockInfo.cPtpClockDefaultDSTable.cPtpClockDefaultDSEntry.cPtpClockDefaultDSQualityOffset,.1.3.6.1.4.1.9.9.760.1.2.3.1.11,/ptp-synce-oper-data/ptp-dataset/clock-quality/offset-scaled-log-var,Cisco-IOS-XE-ptp-synce-oper
.iso.org.dod.internet.private.enterprises.cisco.ciscoMgmt.ciscoPtpMIB.ciscoPtpMIBObjects.ciscoPtpMIBClockInfo.cPtpClockCurrentDSTable.cPtpClockCurrentDSEntry.cPtpClockCurrentDSStepsRemoved,.1.3.6.1.4.1.9.9.760.1.2.1.1.4,/ptp-synce-oper-data/ptp-dataset/current-dataset/steps-removed,Cisco-IOS-XE-ptp-synce-oper
.iso.org.dod.internet.private.enterprises.cisco.ciscoMgmt.ciscoPtpMIB.ciscoPtpMIBObjects.ciscoPtpMIBClockInfo.cPtpClockRunningTable.cPtpClockRunningEntry.cPtpClockRunningPacketsReceived,.1.3.6.1.4.1.9.9.760.1.2.4.1.6,/ptp-synce-oper-data/ptp-dataset/runtime-state/pkts-rcvd,Cisco-IOS-XE-ptp-synce-oper
.iso.org.dod.internet.private.enterprises.cisco.ciscoMgmt.ciscoPtpMIB.ciscoPtpMIBObjects.ciscoPtpMIBClockInfo.cPtpClockRunningTable.cPtpClockRunningEntry.cPtpClockRunningPacketsSent,.1.3.6.1.4.1.9.9.760.1.2.4.1.5,/ptp-synce-oper-data/ptp-dataset/runtime-state/pkts-sent,Cisco-IOS-XE-ptp-synce-oper
.iso.org.dod.internet.private.enterprises.cisco.ciscoMgmt.ciscoPtpMIB.ciscoPtpMIBObjects.ciscoPtpMIBClockInfo.cPtpClockTimePropertiesDSTable.cPtpClockTimePropertiesDSEntry.cPtpClockTimePropertiesDSCurrentUTCOffset,.1.3.6.1.4.1.9.9.760.1.2.5.1.5,/ptp-synce-oper-data/ptp-dataset/time-properties/current-utc-offset,Cisco-IOS-XE-ptp-synce-oper
.iso.org.dod.internet.private.enterprises.cisco.ciscoMgmt.ciscoPtpMIB.ciscoPtpMIBObjects.ciscoPtpMIBClockInfo.cPtpClockTimePropertiesDSTable.cPtpClockTimePropertiesDSEntry.cPtpClockTimePropertiesDSCurrentUTCOffsetValid,.1.3.6.1.4.1.9.9.760.1.2.5.1.4,/ptp-synce-oper-data/ptp-dataset/time-properties/current-utc-offset-valid,Cisco-IOS-XE-ptp-synce-oper
.iso.org.dod.internet.private.enterprises.cisco.ciscoMgmt.ciscoPtpMIB.ciscoPtpMIBObjects.ciscoPtpMIBClockInfo.cPtpClockTimePropertiesDSTable.cPtpClockTimePropertiesDSEntry.cPtpClockTimePropertiesDSFreqTraceable,.1.3.6.1.4.1.9.9.760.1.2.5.1.9,/ptp-synce-oper-data/ptp-dataset/time-properties/frequency-traceable,Cisco-IOS-XE-ptp-synce-oper
.iso.org.dod.internet.private.enterprises.cisco.ciscoMgmt.ciscoPtpMIB.ciscoPtpMIBObjects.ciscoPtpMIBClockInfo.cPtpClockTimePropertiesDSTable.cPtpClockTimePropertiesDSEntry.cPtpClockTimePropertiesDSLeap59,.1.3.6.1.4.1.9.9.760.1.2.5.1.6,/ptp-synce-oper-data/ptp-dataset/time-properties/leap59,Cisco-IOS-XE-ptp-synce-oper
.iso.org.dod.internet.private.enterprises.cisco.ciscoMgmt.ciscoPtpMIB.ciscoPtpMIBObjects.ciscoPtpMIBClockInfo.cPtpClockTimePropertiesDSTable.cPtpClockTimePropertiesDSEntry.cPtpClockTimePropertiesDSLeap61,.1.3.6.1.4.1.9.9.760.1.2.5.1.7,/ptp-synce-oper-data/ptp-dataset/time-properties/leap61,Cisco-IOS-XE-ptp-synce-oper
.iso.org.dod.internet.private.enterprises.cisco.ciscoMgmt.ciscoPtpMIB.ciscoPtpMIBObjects.ciscoPtpMIBClockInfo.cPtpClockTimePropertiesDSTable.cPtpClockTimePropertiesDSEntry.cPtpClockTimePropertiesDSPTPTimescale,.1.3.6.1.4.1.9.9.760.1.2.5.1.10,/ptp-synce-oper-data/ptp-dataset/time-properties/ptp-time-scale,Cisco-IOS-XE-ptp-synce-oper
.iso.org.dod.internet.private.enterprises.cisco.ciscoMgmt.ciscoPtpMIB.ciscoPtpMIBObjects.ciscoPtpMIBClockInfo.cPtpClockTimePropertiesDSTable.cPtpClockTimePropertiesDSEntry.cPtpClockTimePropertiesDSSource,.1.3.6.1.4.1.9.9.760.1.2.5.1.11,/ptp-synce-oper-data/ptp-dataset/time-properties/time-source,Cisco-IOS-XE-ptp-synce-oper
.iso.org.dod.internet.private.enterprises.cisco.ciscoMgmt.ciscoPtpMIB.ciscoPtpMIBObjects.ciscoPtpMIBClockInfo.cPtpClockTimePropertiesDSTable.cPtpClockTimePropertiesDSEntry.cPtpClockTimePropertiesDSTimeTraceable,.1.3.6.1.4.1.9.9.760.1.2.5.1.8,/ptp-synce-oper-data/ptp-dataset/time-properties/time-traceable,Cisco-IOS-XE-ptp-synce-oper
.iso.org.dod.internet.mgmt.mib-2.transmission.tunnelMIB.tunnelMIBObjects.tunnel.tunnelIfTable.tunnelIfEntry.tunnelIfRemoteInetAddress,.1.3.6.1.2.1.10.131.1.1.1.1.10,/tunnel-oper-data/tunnel-if/dst-addr,Cisco-IOS-XE-tunnel-oper
.iso.org.dod.internet.mgmt.mib-2.transmission.tunnelMIB.tunnelMIBObjects.tunnel.tunnelIfTable.tunnelIfEntry.tunnelIfEncapsMethod,.1.3.6.1.2.1.10.131.1.1.1.1.3,/tunnel-oper-data/tunnel-if/mode,Cisco-IOS-XE-tunnel-oper
.iso.org.dod.internet.mgmt.mib-2.transmission.tunnelMIB.tunnelMIBObjects.tunnel.tunnelIfTable.tunnelIfEntry.tunnelIfLocalInetAddress,.1.3.6.1.2.1.10.131.1.1.1.1.9,/tunnel-oper-data/tunnel-if/src-addr,Cisco-IOS-XE-tunnel-oper
N/A,N/A,/cfm-statistics/local-mep/level,Cisco-IOS-XE-cfm-oper
N/A,N/A,/cfm-statistics/local-mep/svc-type,Cisco-IOS-XE-cfm-oper
N/A,N/A,/cfm-statistics/local-mep/offload,Cisco-IOS-XE-cfm-oper
N/A,N/A,/cfm-statistics/local-mep/port,Cisco-IOS-XE-cfm-oper
N/A,N/A,/cfm-statistics/local-mep/vlan,Cisco-IOS-XE-cfm-oper
N/A,N/A,/cfm-statistics/local-mep/vlan-valid,Cisco-IOS-XE-cfm-oper
N/A,N/A,/cfm-statistics/local-mep/inner-vlan,Cisco-IOS-XE-cfm-oper
N/A,N/A,/cfm-statistics/local-mep/inner-vlan-valid,Cisco-IOS-XE-cfm-oper
N/A,N/A,/cfm-statistics/local-mep/svc-inst,Cisco-IOS-XE-cfm-oper
N/A,N/A,/cfm-statistics/local-mep/evc-name,Cisco-IOS-XE-cfm-oper
N/A,N/A,/cfm-statistics/local-mep/ccm-mode,Cisco-IOS-XE-cfm-oper
N/A,N/A,/cfm-statistics/local-mep/offload-success,Cisco-IOS-XE-cfm-oper
N/A,N/A,/cfm-statistics/local-mip/level,Cisco-IOS-XE-cfm-oper
N/A,N/A,/cfm-statistics/local-mip/port,Cisco-IOS-XE-cfm-oper
N/A,N/A,/cfm-statistics/local-mip/svc-inst,Cisco-IOS-XE-cfm-oper
N/A,N/A,/cfm-statistics/local-mip/mac-addr,Cisco-IOS-XE-cfm-oper
N/A,N/A,/cfm-statistics/local-mip/bd-id,Cisco-IOS-XE-cfm-oper
N/A,N/A,/cfm-statistics/local-mip/svc-type,Cisco-IOS-XE-cfm-oper
N/A,N/A,/cfm-statistics/local-mip/source-static,Cisco-IOS-XE-cfm-oper
N/A,N/A,/cfm-statistics/local-mip/manual,Cisco-IOS-XE-cfm-oper
N/A,N/A,/cfm-statistics/remote-mep/domain,Cisco-IOS-XE-cfm-oper
N/A,N/A,/cfm-statistics/remote-mep/service,Cisco-IOS-XE-cfm-oper
N/A,N/A,/cfm-statistics/remote-mep/local-mep-id,Cisco-IOS-XE-cfm-oper
N/A,N/A,/cfm-statistics/remote-mep/remote-mep-id,Cisco-IOS-XE-cfm-oper
N/A,N/A,/cfm-statistics/remote-mep/level,Cisco-IOS-XE-cfm-oper
N/A,N/A,/cfm-statistics/remote-mep/mac-addr,Cisco-IOS-XE-cfm-oper
N/A,N/A,/cfm-statistics/remote-mep/if-status,Cisco-IOS-XE-cfm-oper
N/A,N/A,/cfm-statistics/remote-mep/port-status,Cisco-IOS-XE-cfm-oper
N/A,N/A,/cfm-statistics/remote-mep/ingress-if,Cisco-IOS-XE-cfm-oper
N/A,N/A,/cfm-statistics/remote-mep/rdi,Cisco-IOS-XE-cfm-oper
N/A,N/A,/cfm-statistics/remote-mep/svc-type,Cisco-IOS-XE-cfm-oper
N/A,N/A,/cfm-statistics/remote-mep/vlan,Cisco-IOS-XE-cfm-oper
N/A,N/A,/cfm-statistics/remote-mep/vlan-valid,Cisco-IOS-XE-cfm-oper
N/A,N/A,/cfm-statistics/remote-mep/inner-vlan,Cisco-IOS-XE-cfm-oper
N/A,N/A,/cfm-statistics/remote-mep/inner-vlan-valid,Cisco-IOS-XE-cfm-oper
N/A,N/A,/cfm-statistics/remote-mep/svc-inst,Cisco-IOS-XE-cfm-oper
N/A,N/A,/cfm-statistics/remote-mep/evc-name,Cisco-IOS-XE-cfm-oper
N/A,N/A,/cfm-statistics/remote-mep/up-time,Cisco-IOS-XE-cfm-oper
N/A,N/A,/cfm-statistics/remote-mep/chassis-id,Cisco-IOS-XE-cfm-oper
N/A,N/A,/cfm-statistics/mep-db/domain,Cisco-IOS-XE-cfm-oper
N/A,N/A,/cfm-statistics/mep-db/service,Cisco-IOS-XE-cfm-oper
N/A,N/A,/cfm-statistics/mep-db/local-mep-id,Cisco-IOS-XE-cfm-oper
N/A,N/A,/cfm-statistics/mep-db/remote-mep-id,Cisco-IOS-XE-cfm-oper
N/A,N/A,/cfm-statistics/mep-db/level,Cisco-IOS-XE-cfm-oper
N/A,N/A,/cfm-statistics/mep-db/xport/bd-id,Cisco-IOS-XE-cfm-oper
N/A,N/A,/cfm-statistics/mep-db/xport/bdv-id,Cisco-IOS-XE-cfm-oper
N/A,N/A,/cfm-statistics/mep-db/xport/vc-id,Cisco-IOS-XE-cfm-oper
N/A,N/A,/cfm-statistics/mep-db/xport/peer-id,Cisco-IOS-XE-cfm-oper
N/A,N/A,/cfm-statistics/mep-db/flag,Cisco-IOS-XE-cfm-oper
N/A,N/A,/cfm-statistics/mep-db/defect,Cisco-IOS-XE-cfm-oper
N/A,N/A,/efp-stats/efp-stat/id,Cisco-IOS-XE-efp-oper
N/A,N/A,/efp-stats/efp-stat/interface,Cisco-IOS-XE-efp-oper
N/A,N/A,/efp-stats/efp-stat/in-pkts,Cisco-IOS-XE-efp-oper
N/A,N/A,/efp-stats/efp-stat/in-bytes,Cisco-IOS-XE-efp-oper
N/A,N/A,/efp-stats/efp-stat/out-pkts,Cisco-IOS-XE-efp-oper
N/A,N/A,/efp-stats/efp-stat/out-bytes,Cisco-IOS-XE-efp-oper
N/A,N/A,/tunnel-oper-data/tunnel-if/mode,Cisco-IOS-XE-tunnel-oper
N/A,N/A,/tunnel-oper-data/tunnel-if/src-addr,Cisco-IOS-XE-tunnel-oper
N/A,N/A,/tunnel-oper-data/tunnel-if/dst-addr,Cisco-IOS-XE-tunnel-oper
N/A,N/A,/tunnel-oper-data/tunnel-if/name,Cisco-IOS-XE-tunnel-oper
N/A,N/A,/tunnel-oper-data/tunnel-if/mtu,Cisco-IOS-XE-tunnel-oper
N/A,N/A,/tunnel-oper-data/tunnel-if/admin-status,Cisco-IOS-XE-tunnel-oper
N/A,N/A,/tunnel-oper-data/tunnel-if/status,Cisco-IOS-XE-tunnel-oper
N/A,N/A,/tunnel-oper-data/tunnel-if/stats/in-octets,Cisco-IOS-XE-tunnel-oper
N/A,N/A,/tunnel-oper-data/tunnel-if/stats/in-octets,Cisco-IOS-XE-tunnel-oper
N/A,N/A,/tunnel-oper-data/tunnel-if/stats/in-unicast-pkts,Cisco-IOS-XE-tunnel-oper
N/A,N/A,/tunnel-oper-data/tunnel-if/stats/in-unicast-pkts,Cisco-IOS-XE-tunnel-oper
N/A,N/A,/tunnel-oper-data/tunnel-if/stats/in-multicast-pkts,Cisco-IOS-XE-tunnel-oper
N/A,N/A,/tunnel-oper-data/tunnel-if/stats/in-multicast-pkts,Cisco-IOS-XE-tunnel-oper
N/A,N/A,/tunnel-oper-data/tunnel-if/stats/in-broadcast-pkts,Cisco-IOS-XE-tunnel-oper
N/A,N/A,/tunnel-oper-data/tunnel-if/stats/in-broadcast-pkts,Cisco-IOS-XE-tunnel-oper
N/A,N/A,/tunnel-oper-data/tunnel-if/stats/in-discards,Cisco-IOS-XE-tunnel-oper
N/A,N/A,/tunnel-oper-data/tunnel-if/stats/in-errors,Cisco-IOS-XE-tunnel-oper
N/A,N/A,/tunnel-oper-data/tunnel-if/stats/out-octets,Cisco-IOS-XE-tunnel-oper
N/A,N/A,/tunnel-oper-data/tunnel-if/stats/out-octets,Cisco-IOS-XE-tunnel-oper
N/A,N/A,/tunnel-oper-data/tunnel-if/stats/out-unicast-pkts,Cisco-IOS-XE-tunnel-oper
N/A,N/A,/tunnel-oper-data/tunnel-if/stats/out-unicast-pkts,Cisco-IOS-XE-tunnel-oper
N/A,N/A,/tunnel-oper-data/tunnel-if/stats/out-discards,Cisco-IOS-XE-tunnel-oper
N/A,N/A,/tunnel-oper-data/tunnel-if/stats/out-errors,Cisco-IOS-XE-tunnel-oper
N/A,N/A,/tunnel-oper-data/tunnel-if/stats/out-broadcast-pkts,Cisco-IOS-XE-tunnel-oper
N/A,N/A,/tunnel-oper-data/tunnel-if/stats/out-broadcast-pkts,Cisco-IOS-XE-tunnel-oper
N/A,N/A,/tunnel-oper-data/tunnel-if/stats/out-multicast-pkts,Cisco-IOS-XE-tunnel-oper
N/A,N/A,/tunnel-oper-data/tunnel-if/stats/out-multicast-pkts,Cisco-IOS-XE-tunnel-oper
N/A,N/A,/tunnel-oper-data/tunnel-if/name,Cisco-IOS-XE-tunnel-oper
N/A,N/A,/tunnel-oper-data/tunnel-if/intf-ipv4,Cisco-IOS-XE-tunnel-oper
N/A,N/A,/tunnel-oper-data/tunnel-if/intf-ipv6,Cisco-IOS-XE-tunnel-oper
N/A,N/A,/tunnel-oper-data/tunnel-if/intf-vrf,Cisco-IOS-XE-tunnel-oper
N/A,N/A,/tunnel-oper-data/tunnel-if/transport-vrf,Cisco-IOS-XE-tunnel-oper
N/A,N/A,/tunnel-oper-data/tunnel-if/src-if,Cisco-IOS-XE-tunnel-oper
N/A,N/A,/tunnel-oper-data/tunnel-if/src-port,Cisco-IOS-XE-tunnel-oper
N/A,N/A,/tunnel-oper-data/tunnel-if/dst-port,Cisco-IOS-XE-tunnel-oper
N/A,N/A,/tunnel-oper-data/tunnel-if/tunnel-key,Cisco-IOS-XE-tunnel-oper
N/A,N/A,/tunnel-oper-data/tunnel-if/ip-mtu,Cisco-IOS-XE-tunnel-oper
N/A,N/A,/tunnel-oper-data/tunnel-if/transport-mtu,Cisco-IOS-XE-tunnel-oper
N/A,N/A,/tunnel-oper-data/tunnel-if/tx-bandwidth,Cisco-IOS-XE-tunnel-oper
N/A,N/A,/tunnel-oper-data/tunnel-if/rx-bandwidth,Cisco-IOS-XE-tunnel-oper
N/A,N/A,/tunnel-oper-data/tunnel-if/stats/rx-pps,Cisco-IOS-XE-tunnel-oper
N/A,N/A,/tunnel-oper-data/tunnel-if/stats/rx-kbps,Cisco-IOS-XE-tunnel-oper
N/A,N/A,/tunnel-oper-data/tunnel-if/stats/tx-pps,Cisco-IOS-XE-tunnel-oper
N/A,N/A,/tunnel-oper-data/tunnel-if/stats/tx-kbps,Cisco-IOS-XE-tunnel-oper
N/A,N/A,/ptp-synce-oper-data/ptp-dataset/time-properties/time-source,Cisco-IOS-XE-ptp-synce-oper
N/A,N/A,/ptp-synce-oper-data/ptp-dataset/time-properties/leap59,Cisco-IOS-XE-ptp-synce-oper
N/A,N/A,/ptp-synce-oper-data/ptp-dataset/time-properties/leap61,Cisco-IOS-XE-ptp-synce-oper
N/A,N/A,/ptp-synce-oper-data/ptp-dataset/time-properties/time-traceable,Cisco-IOS-XE-ptp-synce-oper
N/A,N/A,/ptp-synce-oper-data/ptp-dataset/time-properties/frequency-traceable,Cisco-IOS-XE-ptp-synce-oper
N/A,N/A,/ptp-synce-oper-data/ptp-dataset/time-properties/ptp-time-scale,Cisco-IOS-XE-ptp-synce-oper
N/A,N/A,/ptp-synce-oper-data/ptp-dataset/clock-quality/offset-scaled-log-var,Cisco-IOS-XE-ptp-synce-oper
N/A,N/A,/ptp-synce-oper-data/ptp-dataset/runtime-state/pkts-sent,Cisco-IOS-XE-ptp-synce-oper
N/A,N/A,/ptp-synce-oper-data/ptp-dataset/runtime-state/pkts-rcvd,Cisco-IOS-XE-ptp-synce-oper
N/A,N/A,/ptp-synce-oper-data/ptp-dataset/time-properties/current-utc-offset,Cisco-IOS-XE-ptp-synce-oper
N/A,N/A,/ptp-synce-oper-data/ptp-dataset/time-properties/current-utc-offset-valid,Cisco-IOS-XE-ptp-synce-oper
N/A,N/A,/ptp-synce-oper-data/ptp-dataset/current-dataset/steps-removed,Cisco-IOS-XE-ptp-synce-oper
N/A,N/A,/ptp-synce-oper-data/ptp-dataset/clock-quality/clock-class,Cisco-IOS-XE-ptp-synce-oper
N/A,N/A,/ptp-synce-oper-data/ptp-dataset/current-dataset/offset-from-master/scaled-nano-seconds,Cisco-IOS-XE-ptp-synce-oper
N/A,N/A,/ptp-synce-oper-data/ptp-dataset/current-dataset/mean-path-delay/scaled-nano-seconds,Cisco-IOS-XE-ptp-synce-oper
N/A,N/A,/ptp-synce-oper-data/ptp-dataset/runtime-state/clock-state,Cisco-IOS-XE-ptp-synce-oper
N/A,N/A,/ptp-synce-oper-data/ptp-dataset/clock-domain,Cisco-IOS-XE-ptp-synce-oper
N/A,N/A,/ptp-synce-oper-data/ptp-dataset/clock-inst,Cisco-IOS-XE-ptp-synce-oper
N/A,N/A,/ptp-synce-oper-data/ptp-dataset/clock-quality-received/clock-quality/clock-class,Cisco-IOS-XE-ptp-synce-oper
N/A,N/A,/ptp-synce-oper-data/ptp-dataset/clock-quality-received/clock-quality/offset-scaled-log-var,Cisco-IOS-XE-ptp-synce-oper
N/A,N/A,/ptp-synce-oper-data/ptp-dataset/clock-quality-received/protocol-address,Cisco-IOS-XE-ptp-synce-oper
N/A,N/A,/ptp-synce-oper-data/ptp-dataset/runtime-state/clock-domain,Cisco-IOS-XE-ptp-synce-oper
N/A,N/A,/ptp-synce-oper-data/ptp-dataset/runtime-state/ptp-master/address-type/mac,Cisco-IOS-XE-ptp-synce-oper
N/A,N/A,/ptp-synce-oper-data/ptp-dataset/runtime-state/ptp-master/address-type/ip,Cisco-IOS-XE-ptp-synce-oper
N/A,N/A,/ptp-synce-oper-data/ptp-dataset/runtime-state/ptp-master/pkts-in,Cisco-IOS-XE-ptp-synce-oper
N/A,N/A,/ptp-synce-oper-data/ptp-dataset/runtime-state/ptp-master/pkts-out,Cisco-IOS-XE-ptp-synce-oper
N/A,N/A,/ptp-synce-oper-data/ptp-dataset/runtime-state/ptp-master/err-in,Cisco-IOS-XE-ptp-synce-oper
N/A,N/A,/ptp-synce-oper-data/ptp-dataset/runtime-state/ptp-master/err-out,Cisco-IOS-XE-ptp-synce-oper
N/A,N/A,/ptp-synce-oper-data/ptp-dataset/runtime-state/ptp-slave/address-type/mac,Cisco-IOS-XE-ptp-synce-oper
N/A,N/A,/ptp-synce-oper-data/ptp-dataset/runtime-state/ptp-slave/address-type/ip,Cisco-IOS-XE-ptp-synce-oper
N/A,N/A,/ptp-synce-oper-data/ptp-dataset/runtime-state/ptp-slave/pkts-in,Cisco-IOS-XE-ptp-synce-oper
N/A,N/A,/ptp-synce-oper-data/ptp-dataset/runtime-state/ptp-slave/pkts-out,Cisco-IOS-XE-ptp-synce-oper
N/A,N/A,/ptp-synce-oper-data/ptp-dataset/runtime-state/ptp-slave/err-in,Cisco-IOS-XE-ptp-synce-oper
N/A,N/A,/ptp-synce-oper-data/ptp-dataset/runtime-state/ptp-slave/err-out,Cisco-IOS-XE-ptp-synce-oper
N/A,N/A,/ptp-synce-oper-data/netsync-ql/interface,Cisco-IOS-XE-ptp-synce-oper
N/A,N/A,/ptp-synce-oper-data/netsync-ql/sig-type,Cisco-IOS-XE-ptp-synce-oper
N/A,N/A,/ptp-synce-oper-data/netsync-ql/ql-tx,Cisco-IOS-XE-ptp-synce-oper
N/A,N/A,/ptp-synce-oper-data/netsync-ql/ql-rx,Cisco-IOS-XE-ptp-synce-oper
N/A,N/A,/ptp-synce-oper-data/netsync-ql/cfg-ql-rx,Cisco-IOS-XE-ptp-synce-oper
N/A,N/A,/ptp-synce-oper-data/ptp-dataset/clock-type,Cisco-IOS-XE-ptp-synce-oper
.iso.org.dod.internet.private.enterprises.cisco.ciscoExperiment.cpwVcMIB.cpwVcObjects.cpwVcTable.cpwVcEntry.cpwVcType.<>,.1.3.6.1.4.1.9.10.106.1.2.1.2.<>,/l2vpn-oper-data/l2vpn-atom-vc-info[key=value]/circuit-type,Cisco-IOS-XE-l2vpn-oper
.iso.org.dod.internet.private.enterprises.cisco.ciscoExperiment.cpwVcMIB.cpwVcObjects.cpwVcTable.cpwVcEntry.cpwVcPeerAddr.<>,.1.3.6.1.4.1.9.10.106.1.2.1.9.<>,/l2vpn-oper-data/l2vpn-atom-vc-info[key=value]/peer-address,Cisco-IOS-XE-l2vpn-oper
.iso.org.dod.internet.private.enterprises.cisco.ciscoExperiment.cpwVcMIB.cpwVcObjects.cpwVcTable.cpwVcEntry.cpwVcID.<>,.1.3.6.1.4.1.9.10.106.1.2.1.10.<>,/l2vpn-oper-data/l2vpn-atom-vc-info[key=value]/vcid,Cisco-IOS-XE-l2vpn-oper
.iso.org.dod.internet.private.enterprises.cisco.ciscoExperiment.cpwVcMIB.cpwVcObjects.cpwVcTable.cpwVcEntry.cpwVcLocalGroupID.<>,.1.3.6.1.4.1.9.10.106.1.2.1.11.<>,/l2vpn-oper-data/l2vpn-atom-vc-info[key=value]/pw-binding-data/local-binding/group-id,Cisco-IOS-XE-l2vpn-oper
.iso.org.dod.internet.private.enterprises.cisco.ciscoExperiment.cpwVcMIB.cpwVcObjects.cpwVcTable.cpwVcEntry.cpwVcControlWord.<>,.1.3.6.1.4.1.9.10.106.1.2.1.12.<>,/l2vpn-oper-data/l2vpn-atom-vc-info[key=value]/pw-binding-data/local-binding/control-word,Cisco-IOS-XE-l2vpn-oper
.iso.org.dod.internet.private.enterprises.cisco.ciscoExperiment.cpwVcMIB.cpwVcObjects.cpwVcTable.cpwVcEntry.cpwVcLocalIfMtu.<>,.1.3.6.1.4.1.9.10.106.1.2.1.13.<>,/l2vpn-oper-data/l2vpn-atom-vc-info[key=value]/pw-binding-data/local-binding/mtu,Cisco-IOS-XE-l2vpn-oper
.iso.org.dod.internet.private.enterprises.cisco.ciscoExperiment.cpwVcMIB.cpwVcObjects.cpwVcTable.cpwVcEntry.cpwVcRemoteGroupID.<>,.1.3.6.1.4.1.9.10.106.1.2.1.15.<>,/l2vpn-oper-data/l2vpn-atom-vc-info[key=value]/pw-binding-data/remote-binding/group-id,Cisco-IOS-XE-l2vpn-oper
.iso.org.dod.internet.private.enterprises.cisco.ciscoExperiment.cpwVcMIB.cpwVcObjects.cpwVcTable.cpwVcEntry.cpwVcRemoteControlWord.<>,.1.3.6.1.4.1.9.10.106.1.2.1.16.<>,/l2vpn-oper-data/l2vpn-atom-vc-info[key=value]/pw-binding-data/remote-binding/control-word,Cisco-IOS-XE-l2vpn-oper
.iso.org.dod.internet.private.enterprises.cisco.ciscoExperiment.cpwVcMIB.cpwVcObjects.cpwVcTable.cpwVcEntry.cpwVcRemoteIfMtu.<>,.1.3.6.1.4.1.9.10.106.1.2.1.17.<>,/l2vpn-oper-data/l2vpn-atom-vc-info[key=value]/pw-binding-data/remote-binding/mtu,Cisco-IOS-XE-l2vpn-oper
.iso.org.dod.internet.private.enterprises.cisco.ciscoExperiment.cpwVcMIB.cpwVcObjects.cpwVcTable.cpwVcEntry.cpwVcRemoteIfString.<>,.1.3.6.1.4.1.9.10.106.1.2.1.18.<>,/l2vpn-oper-data/l2vpn-atom-vc-info[key=value]/pw-binding-data/remote-binding/if-name,Cisco-IOS-XE-l2vpn-oper
.iso.org.dod.internet.private.enterprises.cisco.ciscoExperiment.cpwVcMIB.cpwVcObjects.cpwVcTable.cpwVcEntry.cpwVcOutboundVcLabel.<>,.1.3.6.1.4.1.9.10.106.1.2.1.19.<>,/l2vpn-oper-data/l2vpn-atom-vc-info[key=value]/pw-binding-data/remote-binding/label,Cisco-IOS-XE-l2vpn-oper
.iso.org.dod.internet.private.enterprises.cisco.ciscoExperiment.cpwVcMIB.cpwVcObjects.cpwVcTable.cpwVcEntry.cpwVcInboundVcLabel.<>,.1.3.6.1.4.1.9.10.106.1.2.1.20.<>,/l2vpn-oper-data/l2vpn-atom-vc-info[key=value]/pw-binding-data/local-binding/label,Cisco-IOS-XE-l2vpn-oper
.iso.org.dod.internet.private.enterprises.cisco.ciscoExperiment.cpwVcMIB.cpwVcObjects.cpwVcTable.cpwVcEntry.cpwVcName.<>,.1.3.6.1.4.1.9.10.106.1.2.1.21.<>,/l2vpn-oper-data/l2vpn-atom-vc-info[key=value]/local-if-name,Cisco-IOS-XE-l2vpn-oper
.iso.org.dod.internet.private.enterprises.cisco.ciscoExperiment.cpwVcMIB.cpwVcObjects.cpwVcTable.cpwVcEntry.cpwVcCreateTime.<>,.1.3.6.1.4.1.9.10.106.1.2.1.23.<>,/l2vpn-oper-data/l2vpn-atom-vc-info[key=value]/create-time,Cisco-IOS-XE-l2vpn-oper
.iso.org.dod.internet.private.enterprises.cisco.ciscoExperiment.cpwVcMIB.cpwVcObjects.cpwVcTable.cpwVcEntry.cpwVcOperStatus.<>,.1.3.6.1.4.1.9.10.106.1.2.1.26.<>,/l2vpn-oper-data/l2vpn-services/l2vpn-xconnect[key=value]/xconnect-state,Cisco-IOS-XE-l2vpn-oper
N/A,N/A,/l2vpn-oper-data/l2vpn-services/l2vpn-xconnect[key=value]/peer-address,Cisco-IOS-XE-l2vpn-oper
N/A,N/A,/l2vpn-oper-data/l2vpn-services/l2vpn-xconnect[key=value]/vcid,Cisco-IOS-XE-l2vpn-oper
N/A,N/A,/l2vpn-oper-data/l2vpn-services/l2vpn-xconnect[key=value]/xconnect-name,Cisco-IOS-XE-l2vpn-oper
N/A,N/A,/l2vpn-oper-data/l2vpn-services/l2vpn-xconnect[key=value]/service-type,Cisco-IOS-XE-l2vpn-oper
N/A,N/A,/l2vpn-oper-data/l2vpn-services/l2vpn-xconnect[key=value]/description,Cisco-IOS-XE-l2vpn-oper
N/A,N/A,/l2vpn-oper-data/l2vpn-services/l2vpn-xconnect[key=value]/segment1/attachment-circuit/if-name,Cisco-IOS-XE-l2vpn-oper
N/A,N/A,/l2vpn-oper-data/l2vpn-services/l2vpn-xconnect[key=value]/segment1/attachment-circuit/group-name,Cisco-IOS-XE-l2vpn-oper
N/A,N/A,/l2vpn-oper-data/l2vpn-services/l2vpn-xconnect[key=value]/segment1/attachment-circuit/encap,Cisco-IOS-XE-l2vpn-oper
N/A,N/A,/l2vpn-oper-data/l2vpn-services/l2vpn-xconnect[key=value]/segment1/attachment-circuit/state,Cisco-IOS-XE-l2vpn-oper
N/A,N/A,/l2vpn-oper-data/l2vpn-services/l2vpn-xconnect[key=value]/segment1/attachment-circuit/state-in-l2vpn-service,Cisco-IOS-XE-l2vpn-oper
N/A,N/A,/l2vpn-oper-data/l2vpn-services/l2vpn-xconnect[key=value]/segment1/attachment-circuit/priority,Cisco-IOS-XE-l2vpn-oper
N/A,N/A,/l2vpn-oper-data/l2vpn-services/l2vpn-xconnect[key=value]/segment1/pseudowire/if-name,Cisco-IOS-XE-l2vpn-oper
N/A,N/A,/l2vpn-oper-data/l2vpn-services/l2vpn-xconnect[key=value]/segment1/pseudowire/group-name,Cisco-IOS-XE-l2vpn-oper
N/A,N/A,/l2vpn-oper-data/l2vpn-services/l2vpn-xconnect[key=value]/segment1/pseudowire/encap,Cisco-IOS-XE-l2vpn-oper
N/A,N/A,/l2vpn-oper-data/l2vpn-services/l2vpn-xconnect[key=value]/segment1/pseudowire/peer-address,Cisco-IOS-XE-l2vpn-oper
N/A,N/A,/l2vpn-oper-data/l2vpn-services/l2vpn-xconnect[key=value]/segment1/pseudowire/vcid,Cisco-IOS-XE-l2vpn-oper
N/A,N/A,/l2vpn-oper-data/l2vpn-services/l2vpn-xconnect[key=value]/segment1/pseudowire/state,Cisco-IOS-XE-l2vpn-oper
N/A,N/A,/l2vpn-oper-data/l2vpn-services/l2vpn-xconnect[key=value]/segment1/pseudowire/state-in-l2vpn-service,Cisco-IOS-XE-l2vpn-oper
N/A,N/A,/l2vpn-oper-data/l2vpn-services/l2vpn-xconnect[key=value]/segment1/pseudowire/priority,Cisco-IOS-XE-l2vpn-oper
N/A,N/A,/l2vpn-oper-data/l2vpn-services/l2vpn-xconnect[key=value]/segment1/vfi/if-name,Cisco-IOS-XE-l2vpn-oper
N/A,N/A,/l2vpn-oper-data/l2vpn-services/l2vpn-xconnect[key=value]/segment1/vfi/group-name,Cisco-IOS-XE-l2vpn-oper
N/A,N/A,/l2vpn-oper-data/l2vpn-services/l2vpn-xconnect[key=value]/segment1/vfi/encap,Cisco-IOS-XE-l2vpn-oper
N/A,N/A,/l2vpn-oper-data/l2vpn-services/l2vpn-xconnect[key=value]/segment1/vfi/state,Cisco-IOS-XE-l2vpn-oper
N/A,N/A,/l2vpn-oper-data/l2vpn-services/l2vpn-xconnect[key=value]/segment1/vfi/state-in-l2vpn-service,Cisco-IOS-XE-l2vpn-oper
N/A,N/A,/l2vpn-oper-data/l2vpn-services/l2vpn-xconnect[key=value]/segment1/vfi/priority,Cisco-IOS-XE-l2vpn-oper
N/A,N/A,/l2vpn-oper-data/l2vpn-services/l2vpn-xconnect[key=value]/segment1/bridge-domain/if-name,Cisco-IOS-XE-l2vpn-oper
N/A,N/A,/l2vpn-oper-data/l2vpn-services/l2vpn-xconnect[key=value]/segment1/bridge-domain/group-name,Cisco-IOS-XE-l2vpn-oper
N/A,N/A,/l2vpn-oper-data/l2vpn-services/l2vpn-xconnect[key=value]/segment1/bridge-domain/encap,Cisco-IOS-XE-l2vpn-oper
N/A,N/A,/l2vpn-oper-data/l2vpn-services/l2vpn-xconnect[key=value]/segment1/bridge-domain/state,Cisco-IOS-XE-l2vpn-oper
N/A,N/A,/l2vpn-oper-data/l2vpn-services/l2vpn-xconnect[key=value]/segment1/bridge-domain/state-in-l2vpn-service,Cisco-IOS-XE-l2vpn-oper
N/A,N/A,/l2vpn-oper-data/l2vpn-services/l2vpn-xconnect[key=value]/segment1/bridge-domain/priority,Cisco-IOS-XE-l2vpn-oper
N/A,N/A,/l2vpn-oper-data/l2vpn-services/l2vpn-xconnect[key=value]/segment2/attachment-circuit/if-name,Cisco-IOS-XE-l2vpn-oper
N/A,N/A,/l2vpn-oper-data/l2vpn-services/l2vpn-xconnect[key=value]/segment2/attachment-circuit/group-name,Cisco-IOS-XE-l2vpn-oper
N/A,N/A,/l2vpn-oper-data/l2vpn-services/l2vpn-xconnect[key=value]/segment2/attachment-circuit/encap,Cisco-IOS-XE-l2vpn-oper
N/A,N/A,/l2vpn-oper-data/l2vpn-services/l2vpn-xconnect[key=value]/segment2/attachment-circuit/state,Cisco-IOS-XE-l2vpn-oper
N/A,N/A,/l2vpn-oper-data/l2vpn-services/l2vpn-xconnect[key=value]/segment2/attachment-circuit/state-in-l2vpn-service,Cisco-IOS-XE-l2vpn-oper
N/A,N/A,/l2vpn-oper-data/l2vpn-services/l2vpn-xconnect[key=value]/segment2/attachment-circuit/priority,Cisco-IOS-XE-l2vpn-oper
N/A,N/A,/l2vpn-oper-data/l2vpn-services/l2vpn-xconnect[key=value]/segment2/pseudowire/if-name,Cisco-IOS-XE-l2vpn-oper
N/A,N/A,/l2vpn-oper-data/l2vpn-services/l2vpn-xconnect[key=value]/segment2/pseudowire/group-name,Cisco-IOS-XE-l2vpn-oper
N/A,N/A,/l2vpn-oper-data/l2vpn-services/l2vpn-xconnect[key=value]/segment2/pseudowire/encap,Cisco-IOS-XE-l2vpn-oper
N/A,N/A,/l2vpn-oper-data/l2vpn-services/l2vpn-xconnect[key=value]/segment2/pseudowire/peer-address,Cisco-IOS-XE-l2vpn-oper
N/A,N/A,/l2vpn-oper-data/l2vpn-services/l2vpn-xconnect[key=value]/segment2/pseudowire/vcid,Cisco-IOS-XE-l2vpn-oper
N/A,N/A,/l2vpn-oper-data/l2vpn-services/l2vpn-xconnect[key=value]/segment2/pseudowire/state,Cisco-IOS-XE-l2vpn-oper
N/A,N/A,/l2vpn-oper-data/l2vpn-services/l2vpn-xconnect[key=value]/segment2/pseudowire/state-in-l2vpn-service,Cisco-IOS-XE-l2vpn-oper
N/A,N/A,/l2vpn-oper-data/l2vpn-services/l2vpn-xconnect[key=value]/segment2/pseudowire/priority,Cisco-IOS-XE-l2vpn-oper
N/A,N/A,/l2vpn-oper-data/l2vpn-services/l2vpn-xconnect[key=value]/segment2/vfi/if-name,Cisco-IOS-XE-l2vpn-oper
N/A,N/A,/l2vpn-oper-data/l2vpn-services/l2vpn-xconnect[key=value]/segment2/vfi/group-name,Cisco-IOS-XE-l2vpn-oper
N/A,N/A,/l2vpn-oper-data/l2vpn-services/l2vpn-xconnect[key=value]/segment2/vfi/encap,Cisco-IOS-XE-l2vpn-oper
N/A,N/A,/l2vpn-oper-data/l2vpn-services/l2vpn-xconnect[key=value]/segment2/vfi/state,Cisco-IOS-XE-l2vpn-oper
N/A,N/A,/l2vpn-oper-data/l2vpn-services/l2vpn-xconnect[key=value]/segment2/vfi/state-in-l2vpn-service,Cisco-IOS-XE-l2vpn-oper
N/A,N/A,/l2vpn-oper-data/l2vpn-services/l2vpn-xconnect[key=value]/segment2/vfi/priority,Cisco-IOS-XE-l2vpn-oper
N/A,N/A,/l2vpn-oper-data/l2vpn-services/l2vpn-xconnect[key=value]/segment2/bridge-domain/if-name,Cisco-IOS-XE-l2vpn-oper
N/A,N/A,/l2vpn-oper-data/l2vpn-services/l2vpn-xconnect[key=value]/segment2/bridge-domain/group-name,Cisco-IOS-XE-l2vpn-oper
N/A,N/A,/l2vpn-oper-data/l2vpn-services/l2vpn-xconnect[key=value]/segment2/bridge-domain/encap,Cisco-IOS-XE-l2vpn-oper
N/A,N/A,/l2vpn-oper-data/l2vpn-services/l2vpn-xconnect[key=value]/segment2/bridge-domain/state,Cisco-IOS-XE-l2vpn-oper
N/A,N/A,/l2vpn-oper-data/l2vpn-services/l2vpn-xconnect[key=value]/segment2/bridge-domain/state-in-l2vpn-service,Cisco-IOS-XE-l2vpn-oper
N/A,N/A,/l2vpn-oper-data/l2vpn-services/l2vpn-xconnect[key=value]/segment2/bridge-domain/priority,Cisco-IOS-XE-l2vpn-oper
N/A,N/A,/l2vpn-oper-data/l2vpn-services/l2vpn-xconnect[key=value]/standby[key=value]/segment1/attachment-circuit/if-name,Cisco-IOS-XE-l2vpn-oper
N/A,N/A,/l2vpn-oper-data/l2vpn-services/l2vpn-xconnect[key=value]/standby[key=value]/segment1/attachment-circuit/group-name,Cisco-IOS-XE-l2vpn-oper
N/A,N/A,/l2vpn-oper-data/l2vpn-services/l2vpn-xconnect[key=value]/standby[key=value]/segment1/attachment-circuit/encap,Cisco-IOS-XE-l2vpn-oper
N/A,N/A,/l2vpn-oper-data/l2vpn-services/l2vpn-xconnect[key=value]/standby[key=value]/segment1/attachment-circuit/state,Cisco-IOS-XE-l2vpn-oper
N/A,N/A,/l2vpn-oper-data/l2vpn-services/l2vpn-xconnect[key=value]/standby[key=value]/segment1/attachment-circuit/state-in-l2vpn-service,Cisco-IOS-XE-l2vpn-oper
N/A,N/A,/l2vpn-oper-data/l2vpn-services/l2vpn-xconnect[key=value]/standby[key=value]/segment1/attachment-circuit/priority,Cisco-IOS-XE-l2vpn-oper
N/A,N/A,/l2vpn-oper-data/l2vpn-services/l2vpn-xconnect[key=value]/standby[key=value]/segment1/pseudowire/if-name,Cisco-IOS-XE-l2vpn-oper
N/A,N/A,/l2vpn-oper-data/l2vpn-services/l2vpn-xconnect[key=value]/standby[key=value]/segment1/pseudowire/group-name,Cisco-IOS-XE-l2vpn-oper
N/A,N/A,/l2vpn-oper-data/l2vpn-services/l2vpn-xconnect[key=value]/standby[key=value]/segment1/pseudowire/encap,Cisco-IOS-XE-l2vpn-oper
N/A,N/A,/l2vpn-oper-data/l2vpn-services/l2vpn-xconnect[key=value]/standby[key=value]/segment1/pseudowire/peer-address,Cisco-IOS-XE-l2vpn-oper
N/A,N/A,/l2vpn-oper-data/l2vpn-services/l2vpn-xconnect[key=value]/standby[key=value]/segment1/pseudowire/vcid,Cisco-IOS-XE-l2vpn-oper
N/A,N/A,/l2vpn-oper-data/l2vpn-services/l2vpn-xconnect[key=value]/standby[key=value]/segment1/pseudowire/state,Cisco-IOS-XE-l2vpn-oper
N/A,N/A,/l2vpn-oper-data/l2vpn-services/l2vpn-xconnect[key=value]/standby[key=value]/segment1/pseudowire/state-in-l2vpn-service,Cisco-IOS-XE-l2vpn-oper
N/A,N/A,/l2vpn-oper-data/l2vpn-services/l2vpn-xconnect[key=value]/standby[key=value]/segment1/pseudowire/priority,Cisco-IOS-XE-l2vpn-oper
N/A,N/A,/l2vpn-oper-data/l2vpn-services/l2vpn-xconnect[key=value]/standby[key=value]/segment1/vfi/if-name,Cisco-IOS-XE-l2vpn-oper
N/A,N/A,/l2vpn-oper-data/l2vpn-services/l2vpn-xconnect[key=value]/standby[key=value]/segment1/vfi/group-name,Cisco-IOS-XE-l2vpn-oper
N/A,N/A,/l2vpn-oper-data/l2vpn-services/l2vpn-xconnect[key=value]/standby[key=value]/segment1/vfi/encap,Cisco-IOS-XE-l2vpn-oper
N/A,N/A,/l2vpn-oper-data/l2vpn-services/l2vpn-xconnect[key=value]/standby[key=value]/segment1/vfi/state,Cisco-IOS-XE-l2vpn-oper
N/A,N/A,/l2vpn-oper-data/l2vpn-services/l2vpn-xconnect[key=value]/standby[key=value]/segment1/vfi/state-in-l2vpn-service,Cisco-IOS-XE-l2vpn-oper
N/A,N/A,/l2vpn-oper-data/l2vpn-services/l2vpn-xconnect[key=value]/standby[key=value]/segment1/vfi/priority,Cisco-IOS-XE-l2vpn-oper
N/A,N/A,/l2vpn-oper-data/l2vpn-services/l2vpn-xconnect[key=value]/standby[key=value]/segment1/bridge-domain/if-name,Cisco-IOS-XE-l2vpn-oper
N/A,N/A,/l2vpn-oper-data/l2vpn-services/l2vpn-xconnect[key=value]/standby[key=value]/segment1/bridge-domain/group-name,Cisco-IOS-XE-l2vpn-oper
N/A,N/A,/l2vpn-oper-data/l2vpn-services/l2vpn-xconnect[key=value]/standby[key=value]/segment1/bridge-domain/encap,Cisco-IOS-XE-l2vpn-oper
N/A,N/A,/l2vpn-oper-data/l2vpn-services/l2vpn-xconnect[key=value]/standby[key=value]/segment1/bridge-domain/state,Cisco-IOS-XE-l2vpn-oper
N/A,N/A,/l2vpn-oper-data/l2vpn-services/l2vpn-xconnect[key=value]/standby[key=value]/segment1/bridge-domain/state-in-l2vpn-service,Cisco-IOS-XE-l2vpn-oper
N/A,N/A,/l2vpn-oper-data/l2vpn-services/l2vpn-xconnect[key=value]/standby[key=value]/segment1/bridge-domain/priority,Cisco-IOS-XE-l2vpn-oper
N/A,N/A,/l2vpn-oper-data/l2vpn-services/l2vpn-xconnect[key=value]/standby[key=value]/segment2/attachment-circuit/if-name,Cisco-IOS-XE-l2vpn-oper
N/A,N/A,/l2vpn-oper-data/l2vpn-services/l2vpn-xconnect[key=value]/standby[key=value]/segment2/attachment-circuit/group-name,Cisco-IOS-XE-l2vpn-oper
N/A,N/A,/l2vpn-oper-data/l2vpn-services/l2vpn-xconnect[key=value]/standby[key=value]/segment2/attachment-circuit/encap,Cisco-IOS-XE-l2vpn-oper
N/A,N/A,/l2vpn-oper-data/l2vpn-services/l2vpn-xconnect[key=value]/standby[key=value]/segment2/attachment-circuit/state,Cisco-IOS-XE-l2vpn-oper
N/A,N/A,/l2vpn-oper-data/l2vpn-services/l2vpn-xconnect[key=value]/standby[key=value]/segment2/attachment-circuit/state-in-l2vpn-service,Cisco-IOS-XE-l2vpn-oper
N/A,N/A,/l2vpn-oper-data/l2vpn-services/l2vpn-xconnect[key=value]/standby[key=value]/segment2/attachment-circuit/priority,Cisco-IOS-XE-l2vpn-oper
N/A,N/A,/l2vpn-oper-data/l2vpn-services/l2vpn-xconnect[key=value]/standby[key=value]/segment2/pseudowire/if-name,Cisco-IOS-XE-l2vpn-oper
N/A,N/A,/l2vpn-oper-data/l2vpn-services/l2vpn-xconnect[key=value]/standby[key=value]/segment2/pseudowire/group-name,Cisco-IOS-XE-l2vpn-oper
N/A,N/A,/l2vpn-oper-data/l2vpn-services/l2vpn-xconnect[key=value]/standby[key=value]/segment2/pseudowire/encap,Cisco-IOS-XE-l2vpn-oper
N/A,N/A,/l2vpn-oper-data/l2vpn-services/l2vpn-xconnect[key=value]/standby[key=value]/segment2/pseudowire/peer-address,Cisco-IOS-XE-l2vpn-oper
N/A,N/A,/l2vpn-oper-data/l2vpn-services/l2vpn-xconnect[key=value]/standby[key=value]/segment2/pseudowire/vcid,Cisco-IOS-XE-l2vpn-oper
N/A,N/A,/l2vpn-oper-data/l2vpn-services/l2vpn-xconnect[key=value]/standby[key=value]/segment2/pseudowire/state,Cisco-IOS-XE-l2vpn-oper
N/A,N/A,/l2vpn-oper-data/l2vpn-services/l2vpn-xconnect[key=value]/standby[key=value]/segment2/pseudowire/state-in-l2vpn-service,Cisco-IOS-XE-l2vpn-oper
N/A,N/A,/l2vpn-oper-data/l2vpn-services/l2vpn-xconnect[key=value]/standby[key=value]/segment2/pseudowire/priority,Cisco-IOS-XE-l2vpn-oper
N/A,N/A,/l2vpn-oper-data/l2vpn-services/l2vpn-xconnect[key=value]/standby[key=value]/segment2/vfi/if-name,Cisco-IOS-XE-l2vpn-oper
N/A,N/A,/l2vpn-oper-data/l2vpn-services/l2vpn-xconnect[key=value]/standby[key=value]/segment2/vfi/group-name,Cisco-IOS-XE-l2vpn-oper
N/A,N/A,/l2vpn-oper-data/l2vpn-services/l2vpn-xconnect[key=value]/standby[key=value]/segment2/vfi/encap,Cisco-IOS-XE-l2vpn-oper
N/A,N/A,/l2vpn-oper-data/l2vpn-services/l2vpn-xconnect[key=value]/standby[key=value]/segment2/vfi/state,Cisco-IOS-XE-l2vpn-oper
N/A,N/A,/l2vpn-oper-data/l2vpn-services/l2vpn-xconnect[key=value]/standby[key=value]/segment2/vfi/state-in-l2vpn-service,Cisco-IOS-XE-l2vpn-oper
N/A,N/A,/l2vpn-oper-data/l2vpn-services/l2vpn-xconnect[key=value]/standby[key=value]/segment2/vfi/priority,Cisco-IOS-XE-l2vpn-oper
N/A,N/A,/l2vpn-oper-data/l2vpn-services/l2vpn-xconnect[key=value]/standby[key=value]/segment2/bridge-domain/if-name,Cisco-IOS-XE-l2vpn-oper
N/A,N/A,/l2vpn-oper-data/l2vpn-services/l2vpn-xconnect[key=value]/standby[key=value]/segment2/bridge-domain/group-name,Cisco-IOS-XE-l2vpn-oper
N/A,N/A,/l2vpn-oper-data/l2vpn-services/l2vpn-xconnect[key=value]/standby[key=value]/segment2/bridge-domain/encap,Cisco-IOS-XE-l2vpn-oper
N/A,N/A,/l2vpn-oper-data/l2vpn-services/l2vpn-xconnect[key=value]/standby[key=value]/segment2/bridge-domain/state,Cisco-IOS-XE-l2vpn-oper
N/A,N/A,/l2vpn-oper-data/l2vpn-services/l2vpn-xconnect[key=value]/standby[key=value]/segment2/bridge-domain/state-in-l2vpn-service,Cisco-IOS-XE-l2vpn-oper
N/A,N/A,/l2vpn-oper-data/l2vpn-services/l2vpn-xconnect[key=value]/standby[key=value]/segment2/bridge-domain/priority,Cisco-IOS-XE-l2vpn-oper
N/A,N/A,/l2vpn-oper-data/l2vpn-atom-vc-info[key=value]/if-name,Cisco-IOS-XE-l2vpn-oper
N/A,N/A,/l2vpn-oper-data/l2vpn-atom-vc-info[key=value]/service-type,Cisco-IOS-XE-l2vpn-oper
N/A,N/A,/l2vpn-oper-data/l2vpn-atom-vc-info[key=value]/service-name,Cisco-IOS-XE-l2vpn-oper
N/A,N/A,/l2vpn-oper-data/l2vpn-atom-vc-info[key=value]/vc-status,Cisco-IOS-XE-l2vpn-oper
N/A,N/A,/l2vpn-oper-data/l2vpn-atom-vc-info[key=value]/last-status-change,Cisco-IOS-XE-l2vpn-oper
N/A,N/A,/l2vpn-oper-data/l2vpn-atom-vc-info[key=value]/last-fsm-change,Cisco-IOS-XE-l2vpn-oper
N/A,N/A,/l2vpn-oper-data/l2vpn-atom-vc-info[key=value]/last-error,Cisco-IOS-XE-l2vpn-oper
N/A,N/A,/l2vpn-oper-data/l2vpn-atom-vc-info[key=value]/output-if,Cisco-IOS-XE-l2vpn-oper
N/A,N/A,/l2vpn-oper-data/l2vpn-atom-vc-info[key=value]/label-stack,Cisco-IOS-XE-l2vpn-oper
N/A,N/A,/l2vpn-oper-data/l2vpn-atom-vc-info[key=value]/preferred-path/not-conf,Cisco-IOS-XE-l2vpn-oper
N/A,N/A,/l2vpn-oper-data/l2vpn-atom-vc-info[key=value]/preferred-path/no-route,Cisco-IOS-XE-l2vpn-oper
N/A,N/A,/l2vpn-oper-data/l2vpn-atom-vc-info[key=value]/preferred-path/out-if,Cisco-IOS-XE-l2vpn-oper
N/A,N/A,/l2vpn-oper-data/l2vpn-atom-vc-info[key=value]/preferred-path/nh-addr,Cisco-IOS-XE-l2vpn-oper
N/A,N/A,/l2vpn-oper-data/l2vpn-atom-vc-info[key=value]/default-path,Cisco-IOS-XE-l2vpn-oper
N/A,N/A,/l2vpn-oper-data/l2vpn-atom-vc-info[key=value]/next-hop/no-nh,Cisco-IOS-XE-l2vpn-oper
N/A,N/A,/l2vpn-oper-data/l2vpn-atom-vc-info[key=value]/next-hop/p2p,Cisco-IOS-XE-l2vpn-oper
N/A,N/A,/l2vpn-oper-data/l2vpn-atom-vc-info[key=value]/next-hop/nh-ipv4-addr,Cisco-IOS-XE-l2vpn-oper
N/A,N/A,/l2vpn-oper-data/l2vpn-atom-vc-info[key=value]/next-hop/nh-ipv6-addr,Cisco-IOS-XE-l2vpn-oper
N/A,N/A,/l2vpn-oper-data/l2vpn-atom-vc-info[key=value]/lb-mode,Cisco-IOS-XE-l2vpn-oper
N/A,N/A,/l2vpn-oper-data/l2vpn-atom-vc-info[key=value]/lb-flow-class,Cisco-IOS-XE-l2vpn-oper
N/A,N/A,/l2vpn-oper-data/l2vpn-atom-vc-info[key=value]/service-info/service-name,Cisco-IOS-XE-l2vpn-oper
N/A,N/A,/l2vpn-oper-data/l2vpn-atom-vc-info[key=value]/service-info/service-id,Cisco-IOS-XE-l2vpn-oper
N/A,N/A,/l2vpn-oper-data/l2vpn-atom-vc-info[key=value]/service-info/vpws-info/assoc-member-if,Cisco-IOS-XE-l2vpn-oper
N/A,N/A,/l2vpn-oper-data/l2vpn-atom-vc-info[key=value]/service-info/vpws-info/group-name,Cisco-IOS-XE-l2vpn-oper
N/A,N/A,/l2vpn-oper-data/l2vpn-atom-vc-info[key=value]/service-info/vpws-info/status,Cisco-IOS-XE-l2vpn-oper
N/A,N/A,/l2vpn-oper-data/l2vpn-atom-vc-info[key=value]/service-info/vpws-info/iw-type,Cisco-IOS-XE-l2vpn-oper
N/A,N/A,/l2vpn-oper-data/l2vpn-atom-vc-info[key=value]/service-info/vpls-info/bd-id,Cisco-IOS-XE-l2vpn-oper
N/A,N/A,/l2vpn-oper-data/l2vpn-atom-vc-info[key=value]/signalling-proto,Cisco-IOS-XE-l2vpn-oper
N/A,N/A,/l2vpn-oper-data/l2vpn-atom-vc-info[key=value]/signalling-info/ldp-route-watch,Cisco-IOS-XE-l2vpn-oper
N/A,N/A,/l2vpn-oper-data/l2vpn-atom-vc-info[key=value]/signalling-info/label-state,Cisco-IOS-XE-l2vpn-oper
N/A,N/A,/l2vpn-oper-data/l2vpn-atom-vc-info[key=value]/signalling-info/fsm-state,Cisco-IOS-XE-l2vpn-oper
N/A,N/A,/l2vpn-oper-data/l2vpn-atom-vc-info[key=value]/signalling-info/local-dp-status-rcv,Cisco-IOS-XE-l2vpn-oper
N/A,N/A,/l2vpn-oper-data/l2vpn-atom-vc-info[key=value]/signalling-info/bfd-dp-status-rcv,Cisco-IOS-XE-l2vpn-oper
N/A,N/A,/l2vpn-oper-data/l2vpn-atom-vc-info[key=value]/signalling-info/bfd-dp-pm-status-rcv,Cisco-IOS-XE-l2vpn-oper
N/A,N/A,/l2vpn-oper-data/l2vpn-atom-vc-info[key=value]/signalling-info/status-rcv-ac,Cisco-IOS-XE-l2vpn-oper
N/A,N/A,/l2vpn-oper-data/l2vpn-atom-vc-info[key=value]/signalling-info/status-sent-ac,Cisco-IOS-XE-l2vpn-oper
N/A,N/A,/l2vpn-oper-data/l2vpn-atom-vc-info[key=value]/signalling-info/status-rcv-pw,Cisco-IOS-XE-l2vpn-oper
N/A,N/A,/l2vpn-oper-data/l2vpn-atom-vc-info[key=value]/signalling-info/status-sent-nw-peer,Cisco-IOS-XE-l2vpn-oper
N/A,N/A,/l2vpn-oper-data/l2vpn-atom-vc-info[key=value]/signalling-info/status-rcv-nw-peer,Cisco-IOS-XE-l2vpn-oper
N/A,N/A,/l2vpn-oper-data/l2vpn-atom-vc-info[key=value]/signalling-info/adj-status-remote-peer,Cisco-IOS-XE-l2vpn-oper
N/A,N/A,/l2vpn-oper-data/l2vpn-atom-vc-info[key=value]/signalling-info/ldp-info/tgt-hello-src,Cisco-IOS-XE-l2vpn-oper
N/A,N/A,/l2vpn-oper-data/l2vpn-atom-vc-info[key=value]/signalling-info/ldp-info/tgt-hello-dest,Cisco-IOS-XE-l2vpn-oper
N/A,N/A,/l2vpn-oper-data/l2vpn-atom-vc-info[key=value]/signalling-info/ldp-info/status,Cisco-IOS-XE-l2vpn-oper
N/A,N/A,/l2vpn-oper-data/l2vpn-atom-vc-info[key=value]/signalling-info/ldp-info/gr-config,Cisco-IOS-XE-l2vpn-oper
N/A,N/A,/l2vpn-oper-data/l2vpn-atom-vc-info[key=value]/signalling-info/ldp-info/gr,Cisco-IOS-XE-l2vpn-oper
N/A,N/A,/l2vpn-oper-data/l2vpn-atom-vc-info[key=value]/signalling-info/ldp-info/nsr-config,Cisco-IOS-XE-l2vpn-oper
N/A,N/A,/l2vpn-oper-data/l2vpn-atom-vc-info[key=value]/signalling-info/ldp-info/nsr,Cisco-IOS-XE-l2vpn-oper
N/A,N/A,/l2vpn-oper-data/l2vpn-atom-vc-info[key=value]/signalling-info/ldp-info/fec-type,Cisco-IOS-XE-l2vpn-oper
N/A,N/A,/l2vpn-oper-data/l2vpn-atom-vc-info[key=value]/signalling-info/bgp-info/local-ve-id,Cisco-IOS-XE-l2vpn-oper
N/A,N/A,/l2vpn-oper-data/l2vpn-atom-vc-info[key=value]/signalling-info/bgp-info/remote-ve-id,Cisco-IOS-XE-l2vpn-oper
N/A,N/A,/l2vpn-oper-data/l2vpn-atom-vc-info[key=value]/rx-sequence,Cisco-IOS-XE-l2vpn-oper
N/A,N/A,/l2vpn-oper-data/l2vpn-atom-vc-info[key=value]/tx-sequence,Cisco-IOS-XE-l2vpn-oper
N/A,N/A,/l2vpn-oper-data/l2vpn-atom-vc-info[key=value]/pw-binding-data/local-binding/if-name,Cisco-IOS-XE-l2vpn-oper
N/A,N/A,/l2vpn-oper-data/l2vpn-atom-vc-info[key=value]/pw-binding-data/local-binding/cw-auto-sense,Cisco-IOS-XE-l2vpn-oper
N/A,N/A,/l2vpn-oper-data/l2vpn-atom-vc-info[key=value]/pw-binding-data/local-binding/vc-type,Cisco-IOS-XE-l2vpn-oper
N/A,N/A,/l2vpn-oper-data/l2vpn-atom-vc-info[key=value]/pw-binding-data/local-binding/vccv-cv-type,Cisco-IOS-XE-l2vpn-oper
N/A,N/A,/l2vpn-oper-data/l2vpn-atom-vc-info[key=value]/pw-binding-data/local-binding/vccv-cc-type,Cisco-IOS-XE-l2vpn-oper
N/A,N/A,/l2vpn-oper-data/l2vpn-atom-vc-info[key=value]/pw-binding-data/local-binding/status-tlv,Cisco-IOS-XE-l2vpn-oper
N/A,N/A,/l2vpn-oper-data/l2vpn-atom-vc-info[key=value]/pw-binding-data/remote-binding/cw-auto-sense,Cisco-IOS-XE-l2vpn-oper
N/A,N/A,/l2vpn-oper-data/l2vpn-atom-vc-info[key=value]/pw-binding-data/remote-binding/vc-type,Cisco-IOS-XE-l2vpn-oper
N/A,N/A,/l2vpn-oper-data/l2vpn-atom-vc-info[key=value]/pw-binding-data/remote-binding/vccv-cv-type,Cisco-IOS-XE-l2vpn-oper
N/A,N/A,/l2vpn-oper-data/l2vpn-atom-vc-info[key=value]/pw-binding-data/remote-binding/vccv-cc-type,Cisco-IOS-XE-l2vpn-oper
N/A,N/A,/l2vpn-oper-data/l2vpn-atom-vc-info[key=value]/pw-binding-data/remote-binding/status-tlv,Cisco-IOS-XE-l2vpn-oper
N/A,N/A,/l2vpn-oper-data/l2vpn-atom-vc-info[key=value]/dataplane-data/segment-id,Cisco-IOS-XE-l2vpn-oper
N/A,N/A,/l2vpn-oper-data/l2vpn-atom-vc-info[key=value]/dataplane-data/switch-id,Cisco-IOS-XE-l2vpn-oper
N/A,N/A,/l2vpn-oper-data/l2vpn-atom-vc-info[key=value]/dataplane-data/pwid,Cisco-IOS-XE-l2vpn-oper
N/A,N/A,/l2vpn-oper-data/l2vpn-atom-vc-info[key=value]/vc-stats/rx-pkts,Cisco-IOS-XE-l2vpn-oper
N/A,N/A,/l2vpn-oper-data/l2vpn-atom-vc-info[key=value]/vc-stats/rx-bytes,Cisco-IOS-XE-l2vpn-oper
N/A,N/A,/l2vpn-oper-data/l2vpn-atom-vc-info[key=value]/vc-stats/rx-drops,Cisco-IOS-XE-l2vpn-oper
N/A,N/A,/l2vpn-oper-data/l2vpn-atom-vc-info[key=value]/vc-stats/seq-err-pkts,Cisco-IOS-XE-l2vpn-oper
N/A,N/A,/l2vpn-oper-data/l2vpn-atom-vc-info[key=value]/vc-stats/tx-pkts,Cisco-IOS-XE-l2vpn-oper
N/A,N/A,/l2vpn-oper-data/l2vpn-atom-vc-info[key=value]/vc-stats/tx-bytes,Cisco-IOS-XE-l2vpn-oper
N/A,N/A,/l2vpn-oper-data/l2vpn-atom-vc-info[key=value]/vc-stats/tx-drops,Cisco-IOS-XE-l2vpn-oper
N/A,N/A,/l2vpn-oper-data/l2vpn-atom-vc-info[key=value]/vc-stats/mwc-tx,Cisco-IOS-XE-l2vpn-oper
N/A,N/A,/l2vpn-oper-data/l2vpn-atom-vc-info[key=value]/vc-stats/mwc-rx,Cisco-IOS-XE-l2vpn-oper
.iso.org.dod.internet.private.enterprises.cisco.ciscoExperiment.ciscoIetfBfdMIB.ciscoBfdObjects.ciscoBfdSessTable.ciscoBfdSessEntry.ciscoBfdSessDiscriminator.<>,/bfd-state/sessions/session[key=value]/bfd-nbrs/bfd-nbr[key=value]/ld,Cisco-IOS-XE-bfd-oper
.iso.org.dod.internet.private.enterprises.cisco.ciscoExperiment.ciscoIetfBfdMIB.ciscoBfdObjects.ciscoBfdSessTable.ciscoBfdSessEntry.ciscoBfdSessRemoteDiscr.<>,/bfd-state/sessions/session[key=value]/bfd-nbrs/bfd-nbr[key=value]/rd,Cisco-IOS-XE-bfd-oper
.iso.org.dod.internet.private.enterprises.cisco.ciscoExperiment.ciscoIetfBfdMIB.ciscoBfdObjects.ciscoBfdSessTable.ciscoBfdSessEntry.ciscoBfdSessState.<>,/bfd-state/sessions/session[key=value]/bfd-nbrs/bfd-nbr[key=value]/state,Cisco-IOS-XE-bfd-oper
.iso.org.dod.internet.private.enterprises.cisco.ciscoExperiment.ciscoIetfBfdMIB.ciscoBfdObjects.ciscoBfdSessTable.ciscoBfdSessEntry.ciscoBfdSessAddr.<>,/bfd-state/bfd-if[key=value]/bfd-peer[key=value]/peer/local-addr,Cisco-IOS-XE-bfd-oper
.iso.org.dod.internet.private.enterprises.cisco.ciscoExperiment.ciscoIetfBfdMIB.ciscoBfdObjects.ciscoBfdSessTable.ciscoBfdSessEntry.ciscoBfdSessDesiredMinTxInterval.<>,/bfd-state/sessions/session[key=value]/bfd-nbrs/bfd-nbr[key=value]/local-min-tx-int,Cisco-IOS-XE-bfd-oper
.iso.org.dod.internet.private.enterprises.cisco.ciscoExperiment.ciscoIetfBfdMIB.ciscoBfdObjects.ciscoBfdSessTable.ciscoBfdSessEntry.ciscoBfdSessReqMinRxInterval.<>,/bfd-state/sessions/session[key=value]/bfd-nbrs/bfd-nbr[key=value]/local-min-rx-int,Cisco-IOS-XE-bfd-oper
.iso.org.dod.internet.private.enterprises.cisco.ciscoExperiment.ciscoIetfBfdMIB.ciscoBfdObjects.ciscoBfdSessTable.ciscoBfdSessEntry.ciscoBfdSessDetectMult.<>,/bfd-state/sessions/session[key=value]/bfd-nbrs/bfd-nbr[key=value]/local-multiplier,Cisco-IOS-XE-bfd-oper
.iso.org.dod.internet.private.enterprises.cisco.ciscoExperiment.ciscoIetfBfdMIB.ciscoBfdObjects.ciscoBfdSessTable.ciscoBfdSessEntry.ciscoBfdSessDemandModeDesiredFlag,.1.3.6.1.4.1.9.10.137.1.2.1.10,/bfd-state/bfd-if[key=value]/bfd-peer[key=value]/peer/demand-mode-req,Cisco-IOS-XE-bfd-oper
.iso.org.dod.internet.private.enterprises.cisco.ciscoExperiment.ciscoIetfBfdMIB.ciscoBfdObjects.ciscoBfdSessTable.ciscoBfdSessEntry.ciscoBfdSessAuthPresFlag,.1.3.6.1.4.1.9.10.137.1.2.1.21,/bfd-state/bfd-if[key=value]/bfd-peer[key=value]/peer/rem-auth-enabled,Cisco-IOS-XE-bfd-oper
.iso.org.dod.internet.private.enterprises.cisco.ciscoExperiment.ciscoIetfBfdMIB.ciscoBfdObjects.ciscoBfdSessPerfTable.ciscoBfdSessPerfEntry.ciscoBfdSessPerfSessUpCount,.1.3.6.1.4.1.9.10.137.1.3.1.6,/bfd-state/bfd-if[key=value]/bfd-peer[key=value]/peer/async/up-trans,Cisco-IOS-XE-bfd-oper
.iso.org.dod.internet.private.enterprises.cisco.ciscoExperiment.ciscoIetfBfdMIB.ciscoBfdObjects.ciscoBfdSessPerfTable.ciscoBfdSessPerfEntry.ciscoBfdSessPerfPktOut,.1.3.6.1.4.1.9.10.137.1.3.1.2,/bfd-state/bfd-if[key=value]/bfd-peer[key=value]/peer/async/tx-packets,Cisco-IOS-XE-bfd-oper
.iso.org.dod.internet.private.enterprises.cisco.ciscoExperiment.ciscoIetfBfdMIB.ciscoBfdObjects.ciscoBfdSessPerfTable.ciscoBfdSessPerfEntry.ciscoBfdSessPerfPktIn,.1.3.6.1.4.1.9.10.137.1.3.1.1,/bfd-state/bfd-if[key=value]/bfd-peer[key=value]/peer/async/rx-packets,Cisco-IOS-XE-bfd-oper
.iso.org.dod.internet.private.enterprises.cisco.ciscoMgmt.ciscoCdpMIB.ciscoCdpMIBObjects.cdpCache.cdpCacheTable.cdpCacheEntry.cdpCacheAddress.<>,.1.3.6.1.4.1.9.9.23.1.2.1.1.4.<>,/cdp-neighbor-details/cdp-neighbor-detail[key=value]/ip-address,Cisco-IOS-XE-cdp-oper
.iso.org.dod.internet.private.enterprises.cisco.ciscoMgmt.ciscoCdpMIB.ciscoCdpMIBObjects.cdpCache.cdpCacheTable.cdpCacheEntry.cdpCacheVersion.<>,.1.3.6.1.4.1.9.9.23.1.2.1.1.5.<>,/cdp-neighbor-details/cdp-neighbor-detail[key=value]/version,Cisco-IOS-XE-cdp-oper
.iso.org.dod.internet.private.enterprises.cisco.ciscoMgmt.ciscoCdpMIB.ciscoCdpMIBObjects.cdpCache.cdpCacheTable.cdpCacheEntry.cdpCacheDeviceId.<>,.1.3.6.1.4.1.9.9.23.1.2.1.1.6.<>,/cdp-neighbor-details/cdp-neighbor-detail[key=value]/device-name,Cisco-IOS-XE-cdp-oper
.iso.org.dod.internet.private.enterprises.cisco.ciscoMgmt.ciscoCdpMIB.ciscoCdpMIBObjects.cdpCache.cdpCacheTable.cdpCacheEntry.cdpCacheDevicePort.<>,.1.3.6.1.4.1.9.9.23.1.2.1.1.7.<>,/cdp-neighbor-details/cdp-neighbor-detail[key=value]/port-id,Cisco-IOS-XE-cdp-oper
.iso.org.dod.internet.private.enterprises.cisco.ciscoMgmt.ciscoCdpMIB.ciscoCdpMIBObjects.cdpCache.cdpCacheTable.cdpCacheEntry.cdpCachePlatform.<>,.1.3.6.1.4.1.9.9.23.1.2.1.1.8.<>,/cdp-neighbor-details/cdp-neighbor-detail[key=value]/platform-name,Cisco-IOS-XE-cdp-oper
.iso.org.dod.internet.private.enterprises.cisco.ciscoMgmt.ciscoCdpMIB.ciscoCdpMIBObjects.cdpCache.cdpCacheTable.cdpCacheEntry.cdpCacheCapabilities.<>,.1.3.6.1.4.1.9.9.23.1.2.1.1.9.<>,/cdp-neighbor-details/cdp-neighbor-detail[key=value]/capability,Cisco-IOS-XE-cdp-oper
.iso.org.dod.internet.private.enterprises.cisco.ciscoMgmt.ciscoCdpMIB.ciscoCdpMIBObjects.cdpCache.cdpCacheTable.cdpCacheEntry.cdpCacheVTPMgmtDomain.<>,.1.3.6.1.4.1.9.9.23.1.2.1.1.10.<>,/cdp-neighbor-details/cdp-neighbor-detail[key=value]/vty-mgmt-domain,Cisco-IOS-XE-cdp-oper
.iso.org.dod.internet.private.enterprises.cisco.ciscoMgmt.ciscoCdpMIB.ciscoCdpMIBObjects.cdpCache.cdpCacheTable.cdpCacheEntry.cdpCacheNativeVLAN.<>,.1.3.6.1.4.1.9.9.23.1.2.1.1.11.<>,/cdp-neighbor-details/cdp-neighbor-detail[key=value]/native-vlan,Cisco-IOS-XE-cdp-oper
.iso.org.dod.internet.private.enterprises.cisco.ciscoMgmt.ciscoCdpMIB.ciscoCdpMIBObjects.cdpCache.cdpCacheTable.cdpCacheEntry.cdpCacheDuplex.<>,.1.3.6.1.4.1.9.9.23.1.2.1.1.12.<>,/cdp-neighbor-details/cdp-neighbor-detail[key=value]/duplex,Cisco-IOS-XE-cdp-oper
N/A,N/A,/cdp-neighbor-details/cdp-neighbor-detail[key=value]/device-id,Cisco-IOS-XE-cdp-oper
N/A,N/A,/cdp-neighbor-details/cdp-neighbor-detail[key=value]/local-intf-name,Cisco-IOS-XE-cdp-oper
N/A,N/A,/cdp-neighbor-details/cdp-neighbor-detail[key=value]/adv-version,Cisco-IOS-XE-cdp-oper
N/A,N/A,/cdp-neighbor-details/cdp-neighbor-detail[key=value]/hello-message/oui,Cisco-IOS-XE-cdp-oper
N/A,N/A,/cdp-neighbor-details/cdp-neighbor-detail[key=value]/hello-message/protocol-id,Cisco-IOS-XE-cdp-oper
N/A,N/A,/cdp-neighbor-details/cdp-neighbor-detail[key=value]/hello-message/payload-value,Cisco-IOS-XE-cdp-oper
N/A,N/A,/cdp-neighbor-details/cdp-neighbor-detail[key=value]/hello-message/payload-len,Cisco-IOS-XE-cdp-oper
N/A,N/A,/cdp-neighbor-details/cdp-neighbor-detail[key=value]/vvid-tag,Cisco-IOS-XE-cdp-oper
N/A,N/A,/cdp-neighbor-details/cdp-neighbor-detail[key=value]/vvid,Cisco-IOS-XE-cdp-oper
N/A,N/A,/cdp-neighbor-details/cdp-neighbor-detail[key=value]/power,Cisco-IOS-XE-cdp-oper
N/A,N/A,/cdp-neighbor-details/cdp-neighbor-detail[key=value]/power-request/power-request-id,Cisco-IOS-XE-cdp-oper
N/A,N/A,/cdp-neighbor-details/cdp-neighbor-detail[key=value]/power-request/power-man-id,Cisco-IOS-XE-cdp-oper
N/A,N/A,/cdp-neighbor-details/cdp-neighbor-detail[key=value]/power-request/power-request-level,Cisco-IOS-XE-cdp-oper
N/A,N/A,/cdp-neighbor-details/cdp-neighbor-detail[key=value]/power-available/power-request-id,Cisco-IOS-XE-cdp-oper
N/A,N/A,/cdp-neighbor-details/cdp-neighbor-detail[key=value]/power-available/power-man-id,Cisco-IOS-XE-cdp-oper
N/A,N/A,/cdp-neighbor-details/cdp-neighbor-detail[key=value]/power-available/power-available,Cisco-IOS-XE-cdp-oper
N/A,N/A,/cdp-neighbor-details/cdp-neighbor-detail[key=value]/power-available/power-man-level,Cisco-IOS-XE-cdp-oper
N/A,N/A,/cdp-neighbor-details/cdp-neighbor-detail[key=value]/unidirectional-mode,Cisco-IOS-XE-cdp-oper
N/A,N/A,/cdp-neighbor-details/cdp-neighbor-detail[key=value]/spare-pair/spare-pair-poe,Cisco-IOS-XE-cdp-oper
N/A,N/A,/cdp-neighbor-details/cdp-neighbor-detail[key=value]/spare-pair/spare-pair-detection-required,Cisco-IOS-XE-cdp-oper
N/A,N/A,/cdp-neighbor-details/cdp-neighbor-detail[key=value]/spare-pair/spare-pair-pd-config,Cisco-IOS-XE-cdp-oper
N/A,N/A,/cdp-neighbor-details/cdp-neighbor-detail[key=value]/spare-pair/spare-pair-pse-operational,Cisco-IOS-XE-cdp-oper
N/A,N/A,/cdp-neighbor-details/cdp-neighbor-detail[key=value]/mgmt-address,Cisco-IOS-XE-cdp-oper
N/A,N/A,/cdp-neighbor-details/cdp-neighbor-detail[key=value]/ipv6-address,Cisco-IOS-XE-cdp-oper
N/A,N/A,/cdp-neighbor-details/cdp-neighbor-detail[key=value]/clns-address,Cisco-IOS-XE-cdp-oper
N/A,N/A,/cdp-neighbor-details/cdp-neighbor-detail[key=value]/decnet-addr,Cisco-IOS-XE-cdp-oper
N/A,N/A,/cdp-neighbor-details/cdp-neighbor-detail[key=value]/novell-addr,Cisco-IOS-XE-cdp-oper
N/A,N/A,/cdp-neighbor-details/cdp-neighbor-detail[key=value]/second-port-status,Cisco-IOS-XE-cdp-oper
N/A,N/A,/cdp-neighbor-details/cdp-neighbor-detail[key=value]/table-id,Cisco-IOS-XE-cdp-oper
N/A,N/A,/cdp-neighbor-details/cdp-neighbor-detail[key=value]/neighbor-identifier,Cisco-IOS-XE-cdp-oper
N/A,N/A,/cdp-neighbor-details/cdp-neighbor-detail[key=value]/neighbor-port-mac,Cisco-IOS-XE-cdp-oper
.iso.org.dod.internet.private.enterprises.cisco.ciscoMgmt.ciscoMemoryPoolMIB.ciscoMemoryPoolObjects.ciscoMemoryPoolTable.ciscoMemoryPoolEntry.ciscoMemoryPoolName.<>,.1.3.6.1.4.1.9.9.48.1.1.1.2.<>,/memory-statistics/memory-statistic[key=value]/name,Cisco-IOS-XE-memory-oper
.iso.org.dod.internet.private.enterprises.cisco.ciscoMgmt.ciscoMemoryPoolMIB.ciscoMemoryPoolObjects.ciscoMemoryPoolTable.ciscoMemoryPoolEntry.ciscoMemoryPoolUsed.<>,.1.3.6.1.4.1.9.9.48.1.1.1.5.<>,/memory-statistics/memory-statistic[key=value]/used-memory,Cisco-IOS-XE-memory-oper
.iso.org.dod.internet.private.enterprises.cisco.ciscoMgmt.ciscoMemoryPoolMIB.ciscoMemoryPoolObjects.ciscoMemoryPoolTable.ciscoMemoryPoolEntry.ciscoMemoryPoolFree.<>,.1.3.6.1.4.1.9.9.48.1.1.1.6.<>,/memory-statistics/memory-statistic[key=value]/free-memory,Cisco-IOS-XE-memory-oper
.iso.org.dod.internet.private.enterprises.cisco.ciscoMgmt.ciscoMemoryPoolMIB.ciscoMemoryPoolObjects.ciscoMemoryPoolTable.ciscoMemoryPoolEntry.ciscoMemoryPoolLargestFree.<>,.1.3.6.1.4.1.9.9.48.1.1.1.7<>,/memory-statistics/memory-statistic[key=value]/highest-usage,Cisco-IOS-XE-memory-oper
.iso.org.dod.internet.private.enterprises.cisco.ciscoMgmt.ciscoProcessMIB.ciscoProcessMIBObjects.cpmCPU.cpmCPUTotalTable.cpmCPUTotalEntry.cpmCPUTotal5secRev.<>,.1.3.6.1.4.1.9.9.109.1.1.1.1.6.<>,/cpu-usage/cpu-utilization/five-seconds,Cisco-IOS-XE-process-cpu-oper
.iso.org.dod.internet.private.enterprises.cisco.ciscoMgmt.ciscoProcessMIB.ciscoProcessMIBObjects.cpmCPU.cpmCPUTotalTable.cpmCPUTotalEntry.cpmCPUTotal1minRev.<>,.1.3.6.1.4.1.9.9.109.1.1.1.1.7.<>,/cpu-usage/cpu-utilization/one-minute,Cisco-IOS-XE-process-cpu-oper
.iso.org.dod.internet.private.enterprises.cisco.ciscoMgmt.ciscoProcessMIB.ciscoProcessMIBObjects.cpmCPU.cpmCPUTotalTable.cpmCPUTotalEntry.cpmCPUTotal5minRev.<>,.1.3.6.1.4.1.9.9.109.1.1.1.1.8.<>,/cpu-usage/cpu-utilization/five-minutes,Cisco-IOS-XE-process-cpu-oper
.iso.org.dod.internet.private.enterprises.cisco.ciscoMgmt.ciscoProcessMIB.ciscoProcessMIBObjects.cpmProcess.cpmProcessTable.cpmProcessEntry.cpmProcessPID.<>,.1.3.6.1.4.1.9.9.109.1.2.1.1.1.<>,/cpu-usage/cpu-utilization/cpu-usage-processes/cpu-usage-process[key=value]/pid,Cisco-IOS-XE-process-cpu-oper
.iso.org.dod.internet.private.enterprises.cisco.ciscoMgmt.ciscoProcessMIB.ciscoProcessMIBObjects.cpmProcess.cpmProcessTable.cpmProcessEntry.cpmProcessName.<>,.1.3.6.1.4.1.9.9.109.1.2.1.1.2.<>,/cpu-usage/cpu-utilization/cpu-usage-processes/cpu-usage-process[key=value]/name,Cisco-IOS-XE-process-cpu-oper
.iso.org.dod.internet.private.enterprises.cisco.ciscoMgmt.ciscoProcessMIB.ciscoProcessMIBObjects.cpmProcess.cpmProcessTable.cpmProcessEntry.cpmProcessAverageUSecs.<>,.1.3.6.1.4.1.9.9.109.1.2.1.1.6.<>,/cpu-usage/cpu-utilization/cpu-usage-processes/cpu-usage-process[key=value]/avg-run-time,Cisco-IOS-XE-process-cpu-oper
.iso.org.dod.internet.private.enterprises.cisco.ciscoMgmt.ciscoProcessMIB.ciscoProcessMIBObjects.cpmProcess.cpmProcessExtRevTable.cpmProcessExtRevEntry.cpmProcExtRuntimeRev.<>,.1.3.6.1.4.1.9.9.109.1.2.3.1.4.<>,/cpu-usage/cpu-utilization/cpu-usage-processes/cpu-usage-process[key=value]/total-run-time,Cisco-IOS-XE-process-cpu-oper
.iso.org.dod.internet.private.enterprises.cisco.ciscoMgmt.ciscoProcessMIB.ciscoProcessMIBObjects.cpmProcess.cpmProcessExtRevTable.cpmProcessExtRevEntry.cpmProcExtUtil5SecRev.<>,.1.3.6.1.4.1.9.9.109.1.2.3.1.6.<>/cpu-usage/cpu-utilization/cpu-usage-processes/cpu-usage-process[key=value]/five-seconds,Cisco-IOS-XE-process-cpu-oper
.iso.org.dod.internet.private.enterprises.cisco.ciscoMgmt.ciscoProcessMIB.ciscoProcessMIBObjects.cpmProcess.cpmProcessExtRevTable.cpmProcessExtRevEntry.cpmProcExtInvokedRev.<>,.1.3.6.1.4.1.9.9.109.1.2.3.1.3.<>,/cpu-usage/cpu-utilization/cpu-usage-processes/cpu-usage-process[key=value]/invocation-count,Cisco-IOS-XE-process-cpu-oper
.iso.org.dod.internet.private.enterprises.cisco.ciscoMgmt.ciscoProcessMIB.ciscoProcessMIBObjects.cpmProcess.cpmProcessExtRevTable.cpmProcessExtRevEntry.cpmProcExtUtil1MinRev.<>,.1.3.6.1.4.1.9.9.109.1.2.3.1.7 .<>,/cpu-usage/cpu-utilization/cpu-usage-processes/cpu-usage-process[key=value]/one-minute,Cisco-IOS-XE-process-cpu-oper
.iso.org.dod.internet.private.enterprises.cisco.ciscoMgmt.ciscoProcessMIB.ciscoProcessMIBObjects.cpmProcess.cpmProcessExtRevTable.cpmProcessExtRevEntry.cpmProcExtUtil5MinRev.<>,.1.3.6.1.4.1.9.9.109.1.2.3.1.8.<>,/cpu-usage/cpu-utilization/cpu-usage-processes/cpu-usage-process[key=value]/five-minutes,Cisco-IOS-XE-process-cpu-oper
.iso.org.dod.internet.private.enterprises.cisco.ciscoMgmt.ciscoProcessMIB.ciscoProcessMIBObjects.cpmProcess.cpmProcessTable.cpmProcessEntry.cpmProcessPID.<>,.1.3.6.1.4.1.9.9.109.1.2.1.1.1.<>,/memory-usage-processes/memory-usage-process[key=value]/pid,Cisco-IOS-XE-process-memory-oper
.iso.org.dod.internet.private.enterprises.cisco.ciscoMgmt.ciscoProcessMIB.ciscoProcessMIBObjects.cpmProcess.cpmProcessTable.cpmProcessEntry.cpmProcessName.<>,.1.3.6.1.4.1.9.9.109.1.2.1.1.2.<>,/memory-usage-processes/memory-usage-process[key=value]/name,Cisco-IOS-XE-process-memory-oper
.iso.org.dod.internet.private.enterprises.cisco.ciscoMgmt.ciscoProcessMIB.ciscoProcessMIBObjects.cpmProcess.cpmProcessExtRevTable.cpmProcessExtRevEntry.cpmProcExtMemAllocatedRev.<>,.1.3.6.1.4.1.9.9.109.1.2.3.1.1.<>,/memory-usage-processes/memory-usage-process[key=value]/allocated-memory,Cisco-IOS-XE-process-memory-oper
.iso.org.dod.internet.private.enterprises.cisco.ciscoMgmt.ciscoProcessMIB.ciscoProcessMIBObjects.cpmProcess.cpmProcessExtRevTable.cpmProcessExtRevEntry.cpmProcExtMemFreedRev.<>,.1.3.6.1.4.1.9.9.109.1.2.3.1.2.<>,/memory-usage-processes/memory-usage-process[key=value]/freed-memory,Cisco-IOS-XE-process-memory-oper
.iso.org.dod.internet.private.enterprises.cisco.ciscoMgmt.ciscoProcessMIB.ciscoProcessMIBObjects.cpmProcess.cpmProcessExtRevTable.cpmProcessExtRevEntry.cpmProcessDynamicMemorySize.<>,.1.3.6.1.4.1.9.9.109.1.2.3.1.18.<>,/memory-usage-processes/memory-usage-process[key=value]/holding-memory,Cisco-IOS-XE-process-memory-oper
.iso.org.dod.internet.mgmt.mib-2.interfaces.ifTable.ifEntry.ifIndex.<>,.1.3.6.1.2.1.2.2.1.1.<>,/interfaces/interface[key=value]/if-index,Cisco-IOS-XE-interfaces-oper
.iso.org.dod.internet.mgmt.mib-2.interfaces.ifTable.ifEntry.ifMtu.<>,.1.3.6.1.2.1.2.2.1.4.<>,/interfaces/interface[key=value]/mtu,Cisco-IOS-XE-interfaces-oper
.iso.org.dod.internet.mgmt.mib-2.ifMIB.ifMIBObjects.ifXTable.ifXEntry.ifName.<>,.1.3.6.1.2.1.31.1.1.1.1.<>,/interfaces/interface[key=value]/name,Cisco-IOS-XE-interfaces-oper
.iso.org.dod.internet.mgmt.mib-2.interfaces.ifTable.ifEntry.ifInOctets.<>,.1.3.6.1.2.1.2.2.1.10.<>,/interfaces/interface[key=value]/statistics/in-octets,Cisco-IOS-XE-interfaces-oper
.iso.org.dod.internet.mgmt.mib-2.interfaces.ifTable.ifEntry.ifType.<>,.1.3.6.1.2.1.2.2.1.3.<>,/interfaces/interface[key=value]/interface-type,Cisco-IOS-XE-interfaces-oper
.iso.org.dod.internet.mgmt.mib-2.interfaces.ifTable.ifEntry.ifAdminStatus.<>,.1.3.6.1.2.1.2.2.1.7.<>,/interfaces/interface[key=value]/admin-status,Cisco-IOS-XE-interfaces-oper
.iso.org.dod.internet.mgmt.mib-2.interfaces.ifTable.ifEntry.ifOperStatus.<>,.1.3.6.1.2.1.2.2.1.8.<>,/interfaces/interface[key=value]/oper-status,Cisco-IOS-XE-interfaces-oper
.iso.org.dod.internet.mgmt.mib-2.interfaces.ifTable.ifEntry.ifLastChange.<>,.1.3.6.1.2.1.2.2.1.9.<>,/interfaces/interface[key=value]/last-change,Cisco-IOS-XE-interfaces-oper
.iso.org.dod.internet.mgmt.mib-2.ifMIB.ifMIBObjects.ifXTable.ifXEntry.ifCounterDiscontinuityTime.<>,.1.3.6.1.2.1.31.1.1.1.19.<>,/interfaces/interface[key=value]/statistics/discontinuity-time,Cisco-IOS-XE-interfaces-oper
.iso.org.dod.internet.mgmt.mib-2.interfaces.ifTable.ifEntry.ifDescr.<>,.1.3.6.1.2.1.2.2.1.2.<>,/interfaces/interface[key=value]/description,Cisco-IOS-XE-interfaces-oper
.iso.org.dod.internet.private.enterprises.cisco.ciscoExperiment.ciscoIetfBfdMIB.ciscoBfdObjects.ciscoBfdSessTable.ciscoBfdSessEntry.ciscoBfdSessDiscriminator,.1.3.6.1.4.1.9.10.137.1.2.1.3,/bfd/interfaces/interface[key=value]/peers/peer[key=value]/state/local-discriminator,openconfig-bfd
.iso.org.dod.internet.private.enterprises.cisco.ciscoExperiment.ciscoIetfBfdMIB.ciscoBfdObjects.ciscoBfdSessTable.ciscoBfdSessEntry.ciscoBfdSessRemoteDiscr,.1.3.6.1.4.1.9.10.137.1.2.1.4,/bfd/interfaces/interface[key=value]/peers/peer[key=value]/state/remote-discriminator,openconfig-bfd
.iso.org.dod.internet.private.enterprises.cisco.ciscoExperiment.ciscoIetfBfdMIB.ciscoBfdObjects.ciscoBfdSessTable.ciscoBfdSessEntry.ciscoBfdSessState,.1.3.6.1.4.1.9.10.137.1.2.1.6,/bfd/interfaces/interface[key=value]/peers/peer[key=value]/state/session-state,openconfig-bfd
.iso.org.dod.internet.private.enterprises.cisco.ciscoExperiment.ciscoIetfBfdMIB.ciscoBfdObjects.ciscoBfdSessTable.ciscoBfdSessEntry.ciscoBfdSessAddr,.1.3.6.1.4.1.9.10.137.1.2.1.14,/bfd/interfaces/interface[key=value]/peers/peer[key=value]/state/local-address,openconfig-bfd
.iso.org.dod.internet.private.enterprises.cisco.ciscoExperiment.ciscoIetfBfdMIB.ciscoBfdObjects.ciscoBfdSessTable.ciscoBfdSessEntry.ciscoBfdSessDesiredMinTxInterval,.1.3.6.1.4.1.9.10.137.1.2.1.15,/bfd/interfaces/interface[key=value]/config/desired-minimum-tx-interval,openconfig-bfd
.iso.org.dod.internet.private.enterprises.cisco.ciscoExperiment.ciscoIetfBfdMIB.ciscoBfdObjects.ciscoBfdSessTable.ciscoBfdSessEntry.ciscoBfdSessReqMinRxInterval,.1.3.6.1.4.1.9.10.137.1.2.1.16,/bfd/interfaces/interface[key=value]/config/required-minimum-receive,openconfig-bfd
.iso.org.dod.internet.private.enterprises.cisco.ciscoExperiment.ciscoIetfBfdMIB.ciscoBfdObjects.ciscoBfdSessTable.ciscoBfdSessEntry.ciscoBfdSessReqMinEchoRxInterval,.1.3.6.1.4.1.9.10.137.1.2.1.17,/bfd/interfaces/interface[key=value]/config/required-minimum-receive,openconfig-bfd
.iso.org.dod.internet.private.enterprises.cisco.ciscoExperiment.ciscoIetfBfdMIB.ciscoBfdObjects.ciscoBfdSessTable.ciscoBfdSessEntry.ciscoBfdSessDetectMult,.1.3.6.1.4.1.9.10.137.1.2.1.18,/bfd/interfaces/interface[key=value]/config/detection-multiplier,openconfig-bfd
.iso.org.dod.internet.private.enterprises.cisco.ciscoExperiment.ciscoIetfBfdMIB.ciscoBfdObjects.ciscoBfdSessPerfTable.ciscoBfdSessPerfEntry.ciscoBfdSessPerfSessUpCount,.1.3.6.1.4.1.9.10.137.1.3.1.6,/bfd/interfaces/interface[key=value]/peers/peer[key=value]/state/async/up-transitions,openconfig-bfd
